source,L_Lsun,R_Rsun,M_total_Msun,A_V,m_nuc,D_L_Gpc,DM,R_max_Rsun,validity,m_unlensed,mu_cusp,m_lensed,flux_ratio,delta_m_peak,P_inject_days,detector,threshold,recovery_fraction,binom_se,n_inj,seed,aperture_note
RGB,2000.0,100.0,100000000.0,0.0,19.0,0.5,38.49,1447.3149397000482,VALID,34.97742501084005,40069.99673184595,23.470376743312166,0.016287307757231657,0.017541254452906975,18.0071,global_max,0.427687,0.0000,0.0000,200,42,
RGB,2000.0,100.0,100000000.0,0.0,19.0,0.5,38.49,1447.3149397000482,VALID,34.97742501084005,40069.99673184595,23.470376743312166,0.016287307757231657,0.017541254452906975,18.0071,blind_harmonic_sum,0.804701,0.0000,0.0000,200,42,
RGB,2000.0,100.0,100000000.0,0.0,19.0,0.5,38.49,1447.3149397000482,VALID,34.97742501084005,40069.99673184595,23.470376743312166,0.016287307757231657,0.017541254452906975,18.0071,oracle_single_freq,0.093194,0.4250,0.0350,200,42,
RGB,2000.0,100.0,100000000.0,0.0,19.0,1.0,40.0,1447.3149397000482,VALID,36.48742501084005,40069.99673184595,24.980376743312164,0.004053678510670364,0.004392328979203653,18.0071,global_max,0.427687,0.0250,0.0110,200,42,
RGB,2000.0,100.0,100000000.0,0.0,19.0,1.0,40.0,1447.3149397000482,VALID,36.48742501084005,40069.99673184595,24.980376743312164,0.004053678510670364,0.004392328979203653,18.0071,blind_harmonic_sum,0.804701,0.0150,0.0086,200,42,
RGB,2000.0,100.0,100000000.0,0.0,19.0,1.0,40.0,1447.3149397000482,VALID,36.48742501084005,40069.99673184595,24.980376743312164,0.004053678510670364,0.004392328979203653,18.0071,oracle_single_freq,0.093194,0.0500,0.0154,200,42,
RGB,2000.0,100.0,100000000.0,0.0,19.0,2.0,41.51,1447.3149397000482,VALID,37.99742501084005,40069.99673184595,26.49037674331216,0.0010089027427246018,0.0010948500290798144,18.0071,global_max,0.427687,0.0100,0.0070,200,42,
RGB,2000.0,100.0,100000000.0,0.0,19.0,2.0,41.51,1447.3149397000482,VALID,37.99742501084005,40069.99673184595,26.49037674331216,0.0010089027427246018,0.0010948500290798144,18.0071,blind_harmonic_sum,0.804701,0.0000,0.0000,200,42,
RGB,2000.0,100.0,100000000.0,0.0,19.0,2.0,41.51,1447.3149397000482,VALID,37.99742501084005,40069.99673184595,26.49037674331216,0.0010089027427246018,0.0010948500290798144,18.0071,oracle_single_freq,0.093194,0.0200,0.0099,200,42,
RGB,2000.0,100.0,100000000.0,0.0,19.0,2.9,42.31,1447.3149397000482,VALID,38.79742501084005,40069.99673184595,27.290376743312166,0.00048289121289483685,0.0005241659254229563,18.0071,global_max,0.427687,0.0250,0.0110,200,42,
RGB,2000.0,100.0,100000000.0,0.0,19.0,2.9,42.31,1447.3149397000482,VALID,38.79742501084005,40069.99673184595,27.290376743312166,0.00048289121289483685,0.0005241659254229563,18.0071,blind_harmonic_sum,0.804701,0.0000,0.0000,200,42,
RGB,2000.0,100.0,100000000.0,0.0,19.0,2.9,42.31,1447.3149397000482,VALID,38.79742501084005,40069.99673184595,27.290376743312166,0.00048289121289483685,0.0005241659254229563,18.0071,oracle_single_freq,0.093194,0.0250,0.0110,200,42,
RGB,2000.0,100.0,100000000.0,0.5,19.0,0.5,38.49,1447.3149397000482,VALID,34.97742501084005,40069.99673184595,23.970376743312166,0.010276596451234535,0.011100731157084872,18.0071,global_max,0.427687,0.0100,0.0070,200,42,
RGB,2000.0,100.0,100000000.0,0.5,19.0,0.5,38.49,1447.3149397000482,VALID,34.97742501084005,40069.99673184595,23.970376743312166,0.010276596451234535,0.011100731157084872,18.0071,blind_harmonic_sum,0.804701,0.0050,0.0050,200,42,
RGB,2000.0,100.0,100000000.0,0.5,19.0,0.5,38.49,1447.3149397000482,VALID,34.97742501084005,40069.99673184595,23.970376743312166,0.010276596451234535,0.011100731157084872,18.0071,oracle_single_freq,0.093194,0.1500,0.0252,200,42,
RGB,2000.0,100.0,100000000.0,0.5,19.0,1.0,40.0,1447.3149397000482,VALID,36.48742501084005,40069.99673184595,25.480376743312164,0.0025576982284689965,0.0027734402658822896,18.0071,global_max,0.427687,0.0100,0.0070,200,42,
RGB,2000.0,100.0,100000000.0,0.5,19.0,1.0,40.0,1447.3149397000482,VALID,36.48742501084005,40069.99673184595,25.480376743312164,0.0025576982284689965,0.0027734402658822896,18.0071,blind_harmonic_sum,0.804701,0.0050,0.0050,200,42,
RGB,2000.0,100.0,100000000.0,0.5,19.0,1.0,40.0,1447.3149397000482,VALID,36.48742501084005,40069.99673184595,25.480376743312164,0.0025576982284689965,0.0027734402658822896,18.0071,oracle_single_freq,0.093194,0.0200,0.0099,200,42,
RGB,2000.0,100.0,100000000.0,0.5,19.0,2.0,41.51,1447.3149397000482,VALID,37.99742501084005,40069.99673184595,26.99037674331216,0.000636574595388298,0.0006909321936260909,18.0071,global_max,0.427687,0.0100,0.0070,200,42,
RGB,2000.0,100.0,100000000.0,0.5,19.0,2.0,41.51,1447.3149397000482,VALID,37.99742501084005,40069.99673184595,26.99037674331216,0.000636574595388298,0.0006909321936260909,18.0071,blind_harmonic_sum,0.804701,0.0050,0.0050,200,42,
RGB,2000.0,100.0,100000000.0,0.5,19.0,2.0,41.51,1447.3149397000482,VALID,37.99742501084005,40069.99673184595,26.99037674331216,0.000636574595388298,0.0006909321936260909,18.0071,oracle_single_freq,0.093194,0.0150,0.0086,200,42,
RGB,2000.0,100.0,100000000.0,0.5,19.0,2.9,42.31,1447.3149397000482,VALID,38.79742501084005,40069.99673184595,27.790376743312166,0.00030468375736094613,0.0003307558009668557,18.0071,global_max,0.427687,0.0250,0.0110,200,42,
RGB,2000.0,100.0,100000000.0,0.5,19.0,2.9,42.31,1447.3149397000482,VALID,38.79742501084005,40069.99673184595,27.790376743312166,0.00030468375736094613,0.0003307558009668557,18.0071,blind_harmonic_sum,0.804701,0.0150,0.0086,200,42,
RGB,2000.0,100.0,100000000.0,0.5,19.0,2.9,42.31,1447.3149397000482,VALID,38.79742501084005,40069.99673184595,27.790376743312166,0.00030468375736094613,0.0003307558009668557,18.0071,oracle_single_freq,0.093194,0.0350,0.0130,200,42,
RGB,2000.0,100.0,100000000.0,1.0,19.0,0.5,38.49,1447.3149397000482,VALID,34.97742501084005,40069.99673184595,24.470376743312166,0.0064840940071655235,0.007017289742007773,18.0071,global_max,0.427687,0.0250,0.0110,200,42,
RGB,2000.0,100.0,100000000.0,1.0,19.0,0.5,38.49,1447.3149397000482,VALID,34.97742501084005,40069.99673184595,24.470376743312166,0.0064840940071655235,0.007017289742007773,18.0071,blind_harmonic_sum,0.804701,0.0100,0.0070,200,42,
RGB,2000.0,100.0,100000000.0,1.0,19.0,0.5,38.49,1447.3149397000482,VALID,34.97742501084005,40069.99673184595,24.470376743312166,0.0064840940071655235,0.007017289742007773,18.0071,oracle_single_freq,0.093194,0.0550,0.0161,200,42,
RGB,2000.0,100.0,100000000.0,1.0,19.0,1.0,40.0,1447.3149397000482,VALID,36.48742501084005,40069.99673184595,25.980376743312164,0.001613798482216492,0.0017507471424417559,18.0071,global_max,0.427687,0.0100,0.0070,200,42,
RGB,2000.0,100.0,100000000.0,1.0,19.0,1.0,40.0,1447.3149397000482,VALID,36.48742501084005,40069.99673184595,25.980376743312164,0.001613798482216492,0.0017507471424417559,18.0071,blind_harmonic_sum,0.804701,0.0100,0.0070,200,42,
RGB,2000.0,100.0,100000000.0,1.0,19.0,1.0,40.0,1447.3149397000482,VALID,36.48742501084005,40069.99673184595,25.980376743312164,0.001613798482216492,0.0017507471424417559,18.0071,oracle_single_freq,0.093194,0.0150,0.0086,200,42,
RGB,2000.0,100.0,100000000.0,1.0,19.0,2.0,41.51,1447.3149397000482,VALID,37.99742501084005,40069.99673184595,27.49037674331216,0.00040165141626975385,0.00043599993020190526,18.0071,global_max,0.427687,0.0050,0.0050,200,42,
RGB,2000.0,100.0,100000000.0,1.0,19.0,2.0,41.51,1447.3149397000482,VALID,37.99742501084005,40069.99673184595,27.49037674331216,0.00040165141626975385,0.00043599993020190526,18.0071,blind_harmonic_sum,0.804701,0.0050,0.0050,200,42,
RGB,2000.0,100.0,100000000.0,1.0,19.0,2.0,41.51,1447.3149397000482,VALID,37.99742501084005,40069.99673184595,27.49037674331216,0.00040165141626975385,0.00043599993020190526,18.0071,oracle_single_freq,0.093194,0.0400,0.0139,200,42,
RGB,2000.0,100.0,100000000.0,1.0,19.0,2.9,42.31,1447.3149397000482,VALID,38.79742501084005,40069.99673184595,28.290376743312166,0.00019224245445071002,0.000208704532595598,18.0071,global_max,0.427687,0.0150,0.0086,200,42,
RGB,2000.0,100.0,100000000.0,1.0,19.0,2.9,42.31,1447.3149397000482,VALID,38.79742501084005,40069.99673184595,28.290376743312166,0.00019224245445071002,0.000208704532595598,18.0071,blind_harmonic_sum,0.804701,0.0050,0.0050,200,42,
RGB,2000.0,100.0,100000000.0,1.0,19.0,2.9,42.31,1447.3149397000482,VALID,38.79742501084005,40069.99673184595,28.290376743312166,0.00019224245445071002,0.000208704532595598,18.0071,oracle_single_freq,0.093194,0.0200,0.0099,200,42,
RGB,2000.0,100.0,100000000.0,2.0,19.0,0.5,38.49,1447.3149397000482,VALID,34.97742501084005,40069.99673184595,25.470376743312166,0.0025813643187955525,0.002799069541750239,18.0071,global_max,0.427687,0.0150,0.0086,200,42,
RGB,2000.0,100.0,100000000.0,2.0,19.0,0.5,38.49,1447.3149397000482,VALID,34.97742501084005,40069.99673184595,25.470376743312166,0.0025813643187955525,0.002799069541750239,18.0071,blind_harmonic_sum,0.804701,0.0000,0.0000,200,42,
RGB,2000.0,100.0,100000000.0,2.0,19.0,0.5,38.49,1447.3149397000482,VALID,34.97742501084005,40069.99673184595,25.470376743312166,0.0025813643187955525,0.002799069541750239,18.0071,oracle_single_freq,0.093194,0.0300,0.0121,200,42,
RGB,2000.0,100.0,100000000.0,2.0,19.0,1.0,40.0,1447.3149397000482,VALID,36.48742501084005,40069.99673184595,26.980376743312164,0.0006424647475987361,0.0006973232579211592,18.0071,global_max,0.427687,0.0300,0.0121,200,42,
RGB,2000.0,100.0,100000000.0,2.0,19.0,1.0,40.0,1447.3149397000482,VALID,36.48742501084005,40069.99673184595,26.980376743312164,0.0006424647475987361,0.0006973232579211592,18.0071,blind_harmonic_sum,0.804701,0.0150,0.0086,200,42,
RGB,2000.0,100.0,100000000.0,2.0,19.0,1.0,40.0,1447.3149397000482,VALID,36.48742501084005,40069.99673184595,26.980376743312164,0.0006424647475987361,0.0006973232579211592,18.0071,oracle_single_freq,0.093194,0.0050,0.0050,200,42,
RGB,2000.0,100.0,100000000.0,2.0,19.0,2.0,41.51,1447.3149397000482,VALID,37.99742501084005,40069.99673184595,28.49037674331216,0.00015990030887995664,0.00017359567587167904,18.0071,global_max,0.427687,0.0000,0.0000,200,42,
RGB,2000.0,100.0,100000000.0,2.0,19.0,2.0,41.51,1447.3149397000482,VALID,37.99742501084005,40069.99673184595,28.49037674331216,0.00015990030887995664,0.00017359567587167904,18.0071,blind_harmonic_sum,0.804701,0.0100,0.0070,200,42,
RGB,2000.0,100.0,100000000.0,2.0,19.0,2.0,41.51,1447.3149397000482,VALID,37.99742501084005,40069.99673184595,28.49037674331216,0.00015990030887995664,0.00017359567587167904,18.0071,oracle_single_freq,0.093194,0.0200,0.0099,200,42,
RGB,2000.0,100.0,100000000.0,2.0,19.0,2.9,42.31,1447.3149397000482,VALID,38.79742501084005,40069.99673184595,29.290376743312166,7.653309960163175e-05,8.30915775123182e-05,18.0071,global_max,0.427687,0.0200,0.0099,200,42,
RGB,2000.0,100.0,100000000.0,2.0,19.0,2.9,42.31,1447.3149397000482,VALID,38.79742501084005,40069.99673184595,29.290376743312166,7.653309960163175e-05,8.30915775123182e-05,18.0071,blind_harmonic_sum,0.804701,0.0000,0.0000,200,42,
RGB,2000.0,100.0,100000000.0,2.0,19.0,2.9,42.31,1447.3149397000482,VALID,38.79742501084005,40069.99673184595,29.290376743312166,7.653309960163175e-05,8.30915775123182e-05,18.0071,oracle_single_freq,0.093194,0.0250,0.0110,200,42,
RGB,2000.0,100.0,1000000000.0,0.0,19.0,0.5,38.49,2124.36780851021,VALID,34.97742501084005,110361.93514151666,22.370376743312164,0.04485897052506985,0.04764418914149211,18.0071,global_max,0.427687,0.2000,0.0283,200,42,
RGB,2000.0,100.0,1000000000.0,0.0,19.0,0.5,38.49,2124.36780851021,VALID,34.97742501084005,110361.93514151666,22.370376743312164,0.04485897052506985,0.04764418914149211,18.0071,blind_harmonic_sum,0.804701,0.0800,0.0192,200,42,
RGB,2000.0,100.0,1000000000.0,0.0,19.0,0.5,38.49,2124.36780851021,VALID,34.97742501084005,110361.93514151666,22.370376743312164,0.04485897052506985,0.04764418914149211,18.0071,oracle_single_freq,0.093194,0.9900,0.0070,200,42,
RGB,2000.0,100.0,1000000000.0,0.0,19.0,1.0,40.0,2124.36780851021,VALID,36.48742501084005,110361.93514151666,23.880376743312162,0.011164757708193437,0.012054811662474376,18.0071,global_max,0.427687,0.0250,0.0110,200,42,
RGB,2000.0,100.0,1000000000.0,0.0,19.0,1.0,40.0,2124.36780851021,VALID,36.48742501084005,110361.93514151666,23.880376743312162,0.011164757708193437,0.012054811662474376,18.0071,blind_harmonic_sum,0.804701,0.0000,0.0000,200,42,
RGB,2000.0,100.0,1000000000.0,0.0,19.0,1.0,40.0,2124.36780851021,VALID,36.48742501084005,110361.93514151666,23.880376743312162,0.011164757708193437,0.012054811662474376,18.0071,oracle_single_freq,0.093194,0.2300,0.0298,200,42,
RGB,2000.0,100.0,1000000000.0,0.0,19.0,2.0,41.51,2124.36780851021,VALID,37.99742501084005,110361.93514151666,25.39037674331216,0.002778748892888702,0.003012804299546586,18.0071,global_max,0.427687,0.0050,0.0050,200,42,
RGB,2000.0,100.0,1000000000.0,0.0,19.0,2.0,41.51,2124.36780851021,VALID,37.99742501084005,110361.93514151666,25.39037674331216,0.002778748892888702,0.003012804299546586,18.0071,blind_harmonic_sum,0.804701,0.0100,0.0070,200,42,
RGB,2000.0,100.0,1000000000.0,0.0,19.0,2.0,41.51,2124.36780851021,VALID,37.99742501084005,110361.93514151666,25.39037674331216,0.002778748892888702,0.003012804299546586,18.0071,oracle_single_freq,0.093194,0.0400,0.0139,200,42,
RGB,2000.0,100.0,1000000000.0,0.0,19.0,2.9,42.31,2124.36780851021,VALID,38.79742501084005,110361.93514151666,26.190376743312164,0.0013299928391447436,0.001443061959068306,18.0071,global_max,0.427687,0.0150,0.0086,200,42,
RGB,2000.0,100.0,1000000000.0,0.0,19.0,2.9,42.31,2124.36780851021,VALID,38.79742501084005,110361.93514151666,26.190376743312164,0.0013299928391447436,0.001443061959068306,18.0071,blind_harmonic_sum,0.804701,0.0100,0.0070,200,42,
RGB,2000.0,100.0,1000000000.0,0.0,19.0,2.9,42.31,2124.36780851021,VALID,38.79742501084005,110361.93514151666,26.190376743312164,0.0013299928391447436,0.001443061959068306,18.0071,oracle_single_freq,0.093194,0.0150,0.0086,200,42,
RGB,2000.0,100.0,1000000000.0,0.5,19.0,0.5,38.49,2124.36780851021,VALID,34.97742501084005,110361.93514151666,22.870376743312164,0.028304096918613336,0.030303915256693435,18.0071,global_max,0.427687,0.0150,0.0086,200,42,
RGB,2000.0,100.0,1000000000.0,0.5,19.0,0.5,38.49,2124.36780851021,VALID,34.97742501084005,110361.93514151666,22.870376743312164,0.028304096918613336,0.030303915256693435,18.0071,blind_harmonic_sum,0.804701,0.0050,0.0050,200,42,
RGB,2000.0,100.0,1000000000.0,0.5,19.0,0.5,38.49,2124.36780851021,VALID,34.97742501084005,110361.93514151666,22.870376743312164,0.028304096918613336,0.030303915256693435,18.0071,oracle_single_freq,0.093194,0.8250,0.0269,200,42,
RGB,2000.0,100.0,1000000000.0,0.5,19.0,1.0,40.0,2124.36780851021,VALID,36.48742501084005,110361.93514151666,24.380376743312162,0.007044485875326504,0.007621639500837014,18.0071,global_max,0.427687,0.0150,0.0086,200,42,
RGB,2000.0,100.0,1000000000.0,0.5,19.0,1.0,40.0,2124.36780851021,VALID,36.48742501084005,110361.93514151666,24.380376743312162,0.007044485875326504,0.007621639500837014,18.0071,blind_harmonic_sum,0.804701,0.0200,0.0099,200,42,
RGB,2000.0,100.0,1000000000.0,0.5,19.0,1.0,40.0,2124.36780851021,VALID,36.48742501084005,110361.93514151666,24.380376743312162,0.007044485875326504,0.007621639500837014,18.0071,oracle_single_freq,0.093194,0.0800,0.0192,200,42,
RGB,2000.0,100.0,1000000000.0,0.5,19.0,2.0,41.51,2124.36780851021,VALID,37.99742501084005,110361.93514151666,25.89037674331216,0.0017532720224343317,0.001901924103163969,18.0071,global_max,0.427687,0.0150,0.0086,200,42,
RGB,2000.0,100.0,1000000000.0,0.5,19.0,2.0,41.51,2124.36780851021,VALID,37.99742501084005,110361.93514151666,25.89037674331216,0.0017532720224343317,0.001901924103163969,18.0071,blind_harmonic_sum,0.804701,0.0000,0.0000,200,42,
RGB,2000.0,100.0,1000000000.0,0.5,19.0,2.0,41.51,2124.36780851021,VALID,37.99742501084005,110361.93514151666,25.89037674331216,0.0017532720224343317,0.001901924103163969,18.0071,oracle_single_freq,0.093194,0.0100,0.0070,200,42,
RGB,2000.0,100.0,1000000000.0,0.5,19.0,2.9,42.31,2124.36780851021,VALID,38.79742501084005,110361.93514151666,26.690376743312164,0.0008391687499644399,0.0009107338174812774,18.0071,global_max,0.427687,0.0400,0.0139,200,42,
RGB,2000.0,100.0,1000000000.0,0.5,19.0,2.9,42.31,2124.36780851021,VALID,38.79742501084005,110361.93514151666,26.690376743312164,0.0008391687499644399,0.0009107338174812774,18.0071,blind_harmonic_sum,0.804701,0.0150,0.0086,200,42,
RGB,2000.0,100.0,1000000000.0,0.5,19.0,2.9,42.31,2124.36780851021,VALID,38.79742501084005,110361.93514151666,26.690376743312164,0.0008391687499644399,0.0009107338174812774,18.0071,oracle_single_freq,0.093194,0.0500,0.0154,200,42,
RGB,2000.0,100.0,1000000000.0,1.0,19.0,0.5,38.49,2124.36780851021,VALID,34.97742501084005,110361.93514151666,23.370376743312164,0.01785867782967829,0.01921870900158556,18.0071,global_max,0.427687,0.0100,0.0070,200,42,
RGB,2000.0,100.0,1000000000.0,1.0,19.0,0.5,38.49,2124.36780851021,VALID,34.97742501084005,110361.93514151666,23.370376743312164,0.01785867782967829,0.01921870900158556,18.0071,blind_harmonic_sum,0.804701,0.0050,0.0050,200,42,
RGB,2000.0,100.0,1000000000.0,1.0,19.0,0.5,38.49,2124.36780851021,VALID,34.97742501084005,110361.93514151666,23.370376743312164,0.01785867782967829,0.01921870900158556,18.0071,oracle_single_freq,0.093194,0.5400,0.0352,200,42,
RGB,2000.0,100.0,1000000000.0,1.0,19.0,1.0,40.0,2124.36780851021,VALID,36.48742501084005,110361.93514151666,24.880376743312162,0.004444770101124238,0.004815154602785585,18.0071,global_max,0.427687,0.0100,0.0070,200,42,
RGB,2000.0,100.0,1000000000.0,1.0,19.0,1.0,40.0,2124.36780851021,VALID,36.48742501084005,110361.93514151666,24.880376743312162,0.004444770101124238,0.004815154602785585,18.0071,blind_harmonic_sum,0.804701,0.0150,0.0086,200,42,
RGB,2000.0,100.0,1000000000.0,1.0,19.0,1.0,40.0,2124.36780851021,VALID,36.48742501084005,110361.93514151666,24.880376743312162,0.004444770101124238,0.004815154602785585,18.0071,oracle_single_freq,0.093194,0.0350,0.0130,200,42,
RGB,2000.0,100.0,1000000000.0,1.0,19.0,2.0,41.51,2124.36780851021,VALID,37.99742501084005,110361.93514151666,26.39037674331216,0.0011062398594265843,0.0012004208122026374,18.0071,global_max,0.427687,0.0150,0.0086,200,42,
RGB,2000.0,100.0,1000000000.0,1.0,19.0,2.0,41.51,2124.36780851021,VALID,37.99742501084005,110361.93514151666,26.39037674331216,0.0011062398594265843,0.0012004208122026374,18.0071,blind_harmonic_sum,0.804701,0.0050,0.0050,200,42,
RGB,2000.0,100.0,1000000000.0,1.0,19.0,2.0,41.51,2124.36780851021,VALID,37.99742501084005,110361.93514151666,26.39037674331216,0.0011062398594265843,0.0012004208122026374,18.0071,oracle_single_freq,0.093194,0.0100,0.0070,200,42,
RGB,2000.0,100.0,1000000000.0,1.0,19.0,2.9,42.31,2124.36780851021,VALID,38.79742501084005,110361.93514151666,27.190376743312164,0.0005294796860483266,0.0005747231261396764,18.0071,global_max,0.427687,0.0200,0.0099,200,42,
RGB,2000.0,100.0,1000000000.0,1.0,19.0,2.9,42.31,2124.36780851021,VALID,38.79742501084005,110361.93514151666,27.190376743312164,0.0005294796860483266,0.0005747231261396764,18.0071,blind_harmonic_sum,0.804701,0.0150,0.0086,200,42,
RGB,2000.0,100.0,1000000000.0,1.0,19.0,2.9,42.31,2124.36780851021,VALID,38.79742501084005,110361.93514151666,27.190376743312164,0.0005294796860483266,0.0005747231261396764,18.0071,oracle_single_freq,0.093194,0.0250,0.0110,200,42,
RGB,2000.0,100.0,1000000000.0,2.0,19.0,0.5,38.49,2124.36780851021,VALID,34.97742501084005,110361.93514151666,24.370376743312164,0.007109667700599697,0.007691912441456242,18.0071,global_max,0.427687,0.0050,0.0050,200,42,
RGB,2000.0,100.0,1000000000.0,2.0,19.0,0.5,38.49,2124.36780851021,VALID,34.97742501084005,110361.93514151666,24.370376743312164,0.007109667700599697,0.007691912441456242,18.0071,blind_harmonic_sum,0.804701,0.0000,0.0000,200,42,
RGB,2000.0,100.0,1000000000.0,2.0,19.0,0.5,38.49,2124.36780851021,VALID,34.97742501084005,110361.93514151666,24.370376743312164,0.007109667700599697,0.007691912441456242,18.0071,oracle_single_freq,0.093194,0.0800,0.0192,200,42,
RGB,2000.0,100.0,1000000000.0,2.0,19.0,1.0,40.0,2124.36780851021,VALID,36.48742501084005,110361.93514151666,25.880376743312162,0.0017694948487193528,0.0019195068430586724,18.0071,global_max,0.427687,0.0100,0.0070,200,42,
RGB,2000.0,100.0,1000000000.0,2.0,19.0,1.0,40.0,2124.36780851021,VALID,36.48742501084005,110361.93514151666,25.880376743312162,0.0017694948487193528,0.0019195068430586724,18.0071,blind_harmonic_sum,0.804701,0.0100,0.0070,200,42,
RGB,2000.0,100.0,1000000000.0,2.0,19.0,1.0,40.0,2124.36780851021,VALID,36.48742501084005,110361.93514151666,25.880376743312162,0.0017694948487193528,0.0019195068430586724,18.0071,oracle_single_freq,0.093194,0.0500,0.0154,200,42,
RGB,2000.0,100.0,1000000000.0,2.0,19.0,2.0,41.51,2124.36780851021,VALID,37.99742501084005,110361.93514151666,27.39037674331216,0.00044040202038981614,0.00047805515768227405,18.0071,global_max,0.427687,0.0050,0.0050,200,42,
RGB,2000.0,100.0,1000000000.0,2.0,19.0,2.0,41.51,2124.36780851021,VALID,37.99742501084005,110361.93514151666,27.39037674331216,0.00044040202038981614,0.00047805515768227405,18.0071,blind_harmonic_sum,0.804701,0.0200,0.0099,200,42,
RGB,2000.0,100.0,1000000000.0,2.0,19.0,2.0,41.51,2124.36780851021,VALID,37.99742501084005,110361.93514151666,27.39037674331216,0.00044040202038981614,0.00047805515768227405,18.0071,oracle_single_freq,0.093194,0.0150,0.0086,200,42,
RGB,2000.0,100.0,1000000000.0,2.0,19.0,2.9,42.31,2124.36780851021,VALID,38.79742501084005,110361.93514151666,28.190376743312164,0.00021078965967825315,0.00022883784762265188,18.0071,global_max,0.427687,0.0000,0.0000,200,42,
RGB,2000.0,100.0,1000000000.0,2.0,19.0,2.9,42.31,2124.36780851021,VALID,38.79742501084005,110361.93514151666,28.190376743312164,0.00021078965967825315,0.00022883784762265188,18.0071,blind_harmonic_sum,0.804701,0.0200,0.0099,200,42,
RGB,2000.0,100.0,1000000000.0,2.0,19.0,2.9,42.31,2124.36780851021,VALID,38.79742501084005,110361.93514151666,28.190376743312164,0.00021078965967825315,0.00022883784762265188,18.0071,oracle_single_freq,0.093194,0.0150,0.0086,200,42,
RGB,2000.0,100.0,10000000000.0,0.0,19.0,0.5,38.49,3118.1455134911876,VALID,34.97742501084005,303962.00952271017,21.270376743312163,0.12355186422234837,0.1264828116602179,18.0071,global_max,0.427687,0.9350,0.0174,200,42,
RGB,2000.0,100.0,10000000000.0,0.0,19.0,0.5,38.49,3118.1455134911876,VALID,34.97742501084005,303962.00952271017,21.270376743312163,0.12355186422234837,0.1264828116602179,18.0071,blind_harmonic_sum,0.804701,0.4750,0.0353,200,42,
RGB,2000.0,100.0,10000000000.0,0.0,19.0,0.5,38.49,3118.1455134911876,VALID,34.97742501084005,303962.00952271017,21.270376743312163,0.12355186422234837,0.1264828116602179,18.0071,oracle_single_freq,0.093194,1.0000,0.0000,200,42,
RGB,2000.0,100.0,10000000000.0,0.0,19.0,1.0,40.0,3118.1455134911876,VALID,36.48742501084005,303962.00952271017,22.78037674331216,0.03075029614572245,0.03288367062730447,18.0071,global_max,0.427687,0.0050,0.0050,200,42,
RGB,2000.0,100.0,10000000000.0,0.0,19.0,1.0,40.0,3118.1455134911876,VALID,36.48742501084005,303962.00952271017,22.78037674331216,0.03075029614572245,0.03288367062730447,18.0071,blind_harmonic_sum,0.804701,0.0050,0.0050,200,42,
RGB,2000.0,100.0,10000000000.0,0.0,19.0,1.0,40.0,3118.1455134911876,VALID,36.48742501084005,303962.00952271017,22.78037674331216,0.03075029614572245,0.03288367062730447,18.0071,oracle_single_freq,0.093194,0.9000,0.0212,200,42,
RGB,2000.0,100.0,10000000000.0,0.0,19.0,2.0,41.51,3118.1455134911876,VALID,37.99742501084005,303962.00952271017,24.29037674331216,0.00765330996016323,0.008277839525201763,18.0071,global_max,0.427687,0.0100,0.0070,200,42,
RGB,2000.0,100.0,10000000000.0,0.0,19.0,2.0,41.51,3118.1455134911876,VALID,37.99742501084005,303962.00952271017,24.29037674331216,0.00765330996016323,0.008277839525201763,18.0071,blind_harmonic_sum,0.804701,0.0000,0.0000,200,42,
RGB,2000.0,100.0,10000000000.0,0.0,19.0,2.0,41.51,3118.1455134911876,VALID,37.99742501084005,303962.00952271017,24.29037674331216,0.00765330996016323,0.008277839525201763,18.0071,oracle_single_freq,0.093194,0.0950,0.0207,200,42,
RGB,2000.0,100.0,10000000000.0,0.0,19.0,2.9,42.31,3118.1455134911876,VALID,38.79742501084005,303962.00952271017,25.090376743312163,0.003663104452806677,0.0039698984808287435,18.0071,global_max,0.427687,0.0200,0.0099,200,42,
RGB,2000.0,100.0,10000000000.0,0.0,19.0,2.9,42.31,3118.1455134911876,VALID,38.79742501084005,303962.00952271017,25.090376743312163,0.003663104452806677,0.0039698984808287435,18.0071,blind_harmonic_sum,0.804701,0.0000,0.0000,200,42,
RGB,2000.0,100.0,10000000000.0,0.0,19.0,2.9,42.31,3118.1455134911876,VALID,38.79742501084005,303962.00952271017,25.090376743312163,0.003663104452806677,0.0039698984808287435,18.0071,oracle_single_freq,0.093194,0.0650,0.0174,200,42,
RGB,2000.0,100.0,10000000000.0,0.5,19.0,0.5,38.49,3118.1455134911876,VALID,34.97742501084005,303962.00952271017,21.770376743312163,0.07795595615531031,0.08150254129777026,18.0071,global_max,0.427687,0.7800,0.0293,200,42,
RGB,2000.0,100.0,10000000000.0,0.5,19.0,0.5,38.49,3118.1455134911876,VALID,34.97742501084005,303962.00952271017,21.770376743312163,0.07795595615531031,0.08150254129777026,18.0071,blind_harmonic_sum,0.804701,0.3000,0.0324,200,42,
RGB,2000.0,100.0,10000000000.0,0.5,19.0,0.5,38.49,3118.1455134911876,VALID,34.97742501084005,303962.00952271017,21.770376743312163,0.07795595615531031,0.08150254129777026,18.0071,oracle_single_freq,0.093194,1.0000,0.0000,200,42,
RGB,2000.0,100.0,10000000000.0,0.5,19.0,1.0,40.0,3118.1455134911876,VALID,36.48742501084005,303962.00952271017,23.28037674331216,0.019402125198084562,0.020863836622107078,18.0071,global_max,0.427687,0.0050,0.0050,200,42,
RGB,2000.0,100.0,10000000000.0,0.5,19.0,1.0,40.0,3118.1455134911876,VALID,36.48742501084005,303962.00952271017,23.28037674331216,0.019402125198084562,0.020863836622107078,18.0071,blind_harmonic_sum,0.804701,0.0100,0.0070,200,42,
RGB,2000.0,100.0,10000000000.0,0.5,19.0,1.0,40.0,3118.1455134911876,VALID,36.48742501084005,303962.00952271017,23.28037674331216,0.019402125198084562,0.020863836622107078,18.0071,oracle_single_freq,0.093194,0.5900,0.0348,200,42,
RGB,2000.0,100.0,10000000000.0,0.5,19.0,2.0,41.51,3118.1455134911876,VALID,37.99742501084005,303962.00952271017,24.79037674331216,0.0048289121289484035,0.005230306521758144,18.0071,global_max,0.427687,0.0150,0.0086,200,42,
RGB,2000.0,100.0,10000000000.0,0.5,19.0,2.0,41.51,3118.1455134911876,VALID,37.99742501084005,303962.00952271017,24.79037674331216,0.0048289121289484035,0.005230306521758144,18.0071,blind_harmonic_sum,0.804701,0.0150,0.0086,200,42,
RGB,2000.0,100.0,10000000000.0,0.5,19.0,2.0,41.51,3118.1455134911876,VALID,37.99742501084005,303962.00952271017,24.79037674331216,0.0048289121289484035,0.005230306521758144,18.0071,oracle_single_freq,0.093194,0.0650,0.0174,200,42,
RGB,2000.0,100.0,10000000000.0,0.5,19.0,2.9,42.31,3118.1455134911876,VALID,38.79742501084005,303962.00952271017,25.590376743312163,0.0023112626580964737,0.0025065260411014736,18.0071,global_max,0.427687,0.0100,0.0070,200,42,
RGB,2000.0,100.0,10000000000.0,0.5,19.0,2.9,42.31,3118.1455134911876,VALID,38.79742501084005,303962.00952271017,25.590376743312163,0.0023112626580964737,0.0025065260411014736,18.0071,blind_harmonic_sum,0.804701,0.0050,0.0050,200,42,
RGB,2000.0,100.0,10000000000.0,0.5,19.0,2.9,42.31,3118.1455134911876,VALID,38.79742501084005,303962.00952271017,25.590376743312163,0.0023112626580964737,0.0025065260411014736,18.0071,oracle_single_freq,0.093194,0.0150,0.0086,200,42,
RGB,2000.0,100.0,10000000000.0,1.0,19.0,0.5,38.49,3118.1455134911876,VALID,34.97742501084005,303962.00952271017,22.270376743312163,0.049186883082168974,0.05213213102376616,18.0071,global_max,0.427687,0.2250,0.0295,200,42,
RGB,2000.0,100.0,10000000000.0,1.0,19.0,0.5,38.49,3118.1455134911876,VALID,34.97742501084005,303962.00952271017,22.270376743312163,0.049186883082168974,0.05213213102376616,18.0071,blind_harmonic_sum,0.804701,0.0850,0.0197,200,42,
RGB,2000.0,100.0,10000000000.0,1.0,19.0,0.5,38.49,3118.1455134911876,VALID,34.97742501084005,303962.00952271017,22.270376743312163,0.049186883082168974,0.05213213102376616,18.0071,oracle_single_freq,0.093194,1.0000,0.0000,200,42,
RGB,2000.0,100.0,10000000000.0,1.0,19.0,1.0,40.0,3118.1455134911876,VALID,36.48742501084005,303962.00952271017,23.78037674331216,0.01224191339225568,0.013210789896141552,18.0071,global_max,0.427687,0.0200,0.0099,200,42,
RGB,2000.0,100.0,10000000000.0,1.0,19.0,1.0,40.0,3118.1455134911876,VALID,36.48742501084005,303962.00952271017,23.78037674331216,0.01224191339225568,0.013210789896141552,18.0071,blind_harmonic_sum,0.804701,0.0150,0.0086,200,42,
RGB,2000.0,100.0,10000000000.0,1.0,19.0,1.0,40.0,3118.1455134911876,VALID,36.48742501084005,303962.00952271017,23.78037674331216,0.01224191339225568,0.013210789896141552,18.0071,oracle_single_freq,0.093194,0.2350,0.0300,200,42,
RGB,2000.0,100.0,10000000000.0,1.0,19.0,2.0,41.51,3118.1455134911876,VALID,37.99742501084005,303962.00952271017,25.29037674331216,0.00304683757360948,0.0033030325132471436,18.0071,global_max,0.427687,0.0200,0.0099,200,42,
RGB,2000.0,100.0,10000000000.0,1.0,19.0,2.0,41.51,3118.1455134911876,VALID,37.99742501084005,303962.00952271017,25.29037674331216,0.00304683757360948,0.0033030325132471436,18.0071,blind_harmonic_sum,0.804701,0.0050,0.0050,200,42,
RGB,2000.0,100.0,10000000000.0,1.0,19.0,2.0,41.51,3118.1455134911876,VALID,37.99742501084005,303962.00952271017,25.29037674331216,0.00304683757360948,0.0033030325132471436,18.0071,oracle_single_freq,0.093194,0.0350,0.0130,200,42,
RGB,2000.0,100.0,10000000000.0,1.0,19.0,2.9,42.31,3118.1455134911876,VALID,38.79742501084005,303962.00952271017,26.090376743312163,0.0014583081491487833,0.0015821845790856012,18.0071,global_max,0.427687,0.0200,0.0099,200,42,
RGB,2000.0,100.0,10000000000.0,1.0,19.0,2.9,42.31,3118.1455134911876,VALID,38.79742501084005,303962.00952271017,26.090376743312163,0.0014583081491487833,0.0015821845790856012,18.0071,blind_harmonic_sum,0.804701,0.0050,0.0050,200,42,
RGB,2000.0,100.0,10000000000.0,1.0,19.0,2.9,42.31,3118.1455134911876,VALID,38.79742501084005,303962.00952271017,26.090376743312163,0.0014583081491487833,0.0015821845790856012,18.0071,oracle_single_freq,0.093194,0.0150,0.0086,200,42,
RGB,2000.0,100.0,10000000000.0,2.0,19.0,0.5,38.49,3118.1455134911876,VALID,34.97742501084005,303962.00952271017,23.270376743312163,0.019581650852187965,0.021055027454654377,18.0071,global_max,0.427687,0.0250,0.0110,200,42,
RGB,2000.0,100.0,10000000000.0,2.0,19.0,0.5,38.49,3118.1455134911876,VALID,34.97742501084005,303962.00952271017,23.270376743312163,0.019581650852187965,0.021055027454654377,18.0071,blind_harmonic_sum,0.804701,0.0050,0.0050,200,42,
RGB,2000.0,100.0,10000000000.0,2.0,19.0,0.5,38.49,3118.1455134911876,VALID,34.97742501084005,303962.00952271017,23.270376743312163,0.019581650852187965,0.021055027454654377,18.0071,oracle_single_freq,0.093194,0.5400,0.0352,200,42,
RGB,2000.0,100.0,10000000000.0,2.0,19.0,1.0,40.0,3118.1455134911876,VALID,36.48742501084005,303962.00952271017,24.78037674331216,0.004873593502751872,0.005278584498313259,18.0071,global_max,0.427687,0.0100,0.0070,200,42,
RGB,2000.0,100.0,10000000000.0,2.0,19.0,1.0,40.0,3118.1455134911876,VALID,36.48742501084005,303962.00952271017,24.78037674331216,0.004873593502751872,0.005278584498313259,18.0071,blind_harmonic_sum,0.804701,0.0100,0.0070,200,42,
RGB,2000.0,100.0,10000000000.0,2.0,19.0,1.0,40.0,3118.1455134911876,VALID,36.48742501084005,303962.00952271017,24.78037674331216,0.004873593502751872,0.005278584498313259,18.0071,oracle_single_freq,0.093194,0.0200,0.0099,200,42,
RGB,2000.0,100.0,10000000000.0,2.0,19.0,2.0,41.51,3118.1455134911876,VALID,37.99742501084005,303962.00952271017,26.29037674331216,0.0012129678855657532,0.0013161650768564507,18.0071,global_max,0.427687,0.0100,0.0070,200,42,
RGB,2000.0,100.0,10000000000.0,2.0,19.0,2.0,41.51,3118.1455134911876,VALID,37.99742501084005,303962.00952271017,26.29037674331216,0.0012129678855657532,0.0013161650768564507,18.0071,blind_harmonic_sum,0.804701,0.0100,0.0070,200,42,
RGB,2000.0,100.0,10000000000.0,2.0,19.0,2.0,41.51,3118.1455134911876,VALID,37.99742501084005,303962.00952271017,26.29037674331216,0.0012129678855657532,0.0013161650768564507,18.0071,oracle_single_freq,0.093194,0.0300,0.0121,200,42,
RGB,2000.0,100.0,10000000000.0,2.0,19.0,2.9,42.31,3118.1455134911876,VALID,38.79742501084005,303962.00952271017,27.090376743312163,0.0005805629310527297,0.0006301552886782173,18.0071,global_max,0.427687,0.0100,0.0070,200,42,
RGB,2000.0,100.0,10000000000.0,2.0,19.0,2.9,42.31,3118.1455134911876,VALID,38.79742501084005,303962.00952271017,27.090376743312163,0.0005805629310527297,0.0006301552886782173,18.0071,blind_harmonic_sum,0.804701,0.0050,0.0050,200,42,
RGB,2000.0,100.0,10000000000.0,2.0,19.0,2.9,42.31,3118.1455134911876,VALID,38.79742501084005,303962.00952271017,27.090376743312163,0.0005805629310527297,0.0006301552886782173,18.0071,oracle_single_freq,0.093194,0.0400,0.0139,200,42,
RGB,2000.0,100.0,20000000000.0,0.0,19.0,0.5,38.49,3500.0,VALID,34.97742501084005,412356.1774981991,20.939243748081786,0.16761099366826454,0.16824543861236813,18.0071,global_max,0.427687,0.9900,0.0070,200,42,
RGB,2000.0,100.0,20000000000.0,0.0,19.0,0.5,38.49,3500.0,VALID,34.97742501084005,412356.1774981991,20.939243748081786,0.16761099366826454,0.16824543861236813,18.0071,blind_harmonic_sum,0.804701,0.6250,0.0342,200,42,
RGB,2000.0,100.0,20000000000.0,0.0,19.0,0.5,38.49,3500.0,VALID,34.97742501084005,412356.1774981991,20.939243748081786,0.16761099366826454,0.16824543861236813,18.0071,oracle_single_freq,0.093194,1.0000,0.0000,200,42,
RGB,2000.0,100.0,20000000000.0,0.0,19.0,1.0,40.0,3500.0,VALID,36.48742501084005,412356.1774981991,22.449243748081784,0.04171598482158444,0.04437332083032214,18.0071,global_max,0.427687,0.1000,0.0212,200,42,
RGB,2000.0,100.0,20000000000.0,0.0,19.0,1.0,40.0,3500.0,VALID,36.48742501084005,412356.1774981991,22.449243748081784,0.04171598482158444,0.04437332083032214,18.0071,blind_harmonic_sum,0.804701,0.0550,0.0161,200,42,
RGB,2000.0,100.0,20000000000.0,0.0,19.0,1.0,40.0,3500.0,VALID,36.48742501084005,412356.1774981991,22.449243748081784,0.04171598482158444,0.04437332083032214,18.0071,oracle_single_freq,0.093194,0.9650,0.0130,200,42,
RGB,2000.0,100.0,20000000000.0,0.0,19.0,2.0,41.51,3500.0,VALID,37.99742501084005,412356.1774981991,23.959243748081782,0.010382513411255775,0.011214553303271773,18.0071,global_max,0.427687,0.0100,0.0070,200,42,
RGB,2000.0,100.0,20000000000.0,0.0,19.0,2.0,41.51,3500.0,VALID,37.99742501084005,412356.1774981991,23.959243748081782,0.010382513411255775,0.011214553303271773,18.0071,blind_harmonic_sum,0.804701,0.0100,0.0070,200,42,
RGB,2000.0,100.0,20000000000.0,0.0,19.0,2.0,41.51,3500.0,VALID,37.99742501084005,412356.1774981991,23.959243748081782,0.010382513411255775,0.011214553303271773,18.0071,oracle_single_freq,0.093194,0.1800,0.0272,200,42,
RGB,2000.0,100.0,20000000000.0,0.0,19.0,2.9,42.31,3500.0,VALID,38.79742501084005,412356.1774981991,24.759243748081786,0.004969383352570362,0.005382077665961261,18.0071,global_max,0.427687,0.0200,0.0099,200,42,
RGB,2000.0,100.0,20000000000.0,0.0,19.0,2.9,42.31,3500.0,VALID,38.79742501084005,412356.1774981991,24.759243748081786,0.004969383352570362,0.005382077665961261,18.0071,blind_harmonic_sum,0.804701,0.0050,0.0050,200,42,
RGB,2000.0,100.0,20000000000.0,0.0,19.0,2.9,42.31,3500.0,VALID,38.79742501084005,412356.1774981991,24.759243748081786,0.004969383352570362,0.005382077665961261,18.0071,oracle_single_freq,0.093194,0.0300,0.0121,200,42,
RGB,2000.0,100.0,20000000000.0,0.5,19.0,0.5,38.49,3500.0,VALID,34.97742501084005,412356.1774981991,21.439243748081786,0.10575538747061466,0.10914766004997627,18.0071,global_max,0.427687,0.9150,0.0197,200,42,
RGB,2000.0,100.0,20000000000.0,0.5,19.0,0.5,38.49,3500.0,VALID,34.97742501084005,412356.1774981991,21.439243748081786,0.10575538747061466,0.10914766004997627,18.0071,blind_harmonic_sum,0.804701,0.4800,0.0353,200,42,
RGB,2000.0,100.0,20000000000.0,0.5,19.0,0.5,38.49,3500.0,VALID,34.97742501084005,412356.1774981991,21.439243748081786,0.10575538747061466,0.10914766004997627,18.0071,oracle_single_freq,0.093194,1.0000,0.0000,200,42,
RGB,2000.0,100.0,20000000000.0,0.5,19.0,1.0,40.0,3500.0,VALID,36.48742501084005,412356.1774981991,22.949243748081784,0.026321007005402967,0.028208045620379384,18.0071,global_max,0.427687,0.0000,0.0000,200,42,
RGB,2000.0,100.0,20000000000.0,0.5,19.0,1.0,40.0,3500.0,VALID,36.48742501084005,412356.1774981991,22.949243748081784,0.026321007005402967,0.028208045620379384,18.0071,blind_harmonic_sum,0.804701,0.0000,0.0000,200,42,
RGB,2000.0,100.0,20000000000.0,0.5,19.0,1.0,40.0,3500.0,VALID,36.48742501084005,412356.1774981991,22.949243748081784,0.026321007005402967,0.028208045620379384,18.0071,oracle_single_freq,0.093194,0.7750,0.0295,200,42,
RGB,2000.0,100.0,20000000000.0,0.5,19.0,2.0,41.51,3500.0,VALID,37.99742501084005,412356.1774981991,24.459243748081782,0.0065509230909959375,0.007089378657755209,18.0071,global_max,0.427687,0.0300,0.0121,200,42,
RGB,2000.0,100.0,20000000000.0,0.5,19.0,2.0,41.51,3500.0,VALID,37.99742501084005,412356.1774981991,24.459243748081782,0.0065509230909959375,0.007089378657755209,18.0071,blind_harmonic_sum,0.804701,0.0050,0.0050,200,42,
RGB,2000.0,100.0,20000000000.0,0.5,19.0,2.0,41.51,3500.0,VALID,37.99742501084005,412356.1774981991,24.459243748081782,0.0065509230909959375,0.007089378657755209,18.0071,oracle_single_freq,0.093194,0.0200,0.0099,200,42,
RGB,2000.0,100.0,20000000000.0,0.5,19.0,2.9,42.31,3500.0,VALID,38.79742501084005,412356.1774981991,25.259243748081786,0.003135468923841877,0.003398966233303256,18.0071,global_max,0.427687,0.0100,0.0070,200,42,
RGB,2000.0,100.0,20000000000.0,0.5,19.0,2.9,42.31,3500.0,VALID,38.79742501084005,412356.1774981991,25.259243748081786,0.003135468923841877,0.003398966233303256,18.0071,blind_harmonic_sum,0.804701,0.0000,0.0000,200,42,
RGB,2000.0,100.0,20000000000.0,0.5,19.0,2.9,42.31,3500.0,VALID,38.79742501084005,412356.1774981991,25.259243748081786,0.003135468923841877,0.003398966233303256,18.0071,oracle_single_freq,0.093194,0.0350,0.0130,200,42,
RGB,2000.0,100.0,20000000000.0,1.0,19.0,0.5,38.49,3500.0,VALID,34.97742501084005,412356.1774981991,21.939243748081786,0.06672713844293295,0.07013336012794276,18.0071,global_max,0.427687,0.6050,0.0346,200,42,
RGB,2000.0,100.0,20000000000.0,1.0,19.0,0.5,38.49,3500.0,VALID,34.97742501084005,412356.1774981991,21.939243748081786,0.06672713844293295,0.07013336012794276,18.0071,blind_harmonic_sum,0.804701,0.2700,0.0314,200,42,
RGB,2000.0,100.0,20000000000.0,1.0,19.0,0.5,38.49,3500.0,VALID,34.97742501084005,412356.1774981991,21.939243748081786,0.06672713844293295,0.07013336012794276,18.0071,oracle_single_freq,0.093194,1.0000,0.0000,200,42,
RGB,2000.0,100.0,20000000000.0,1.0,19.0,1.0,40.0,3500.0,VALID,36.48742501084005,412356.1774981991,23.449243748081784,0.016607432684173622,0.017883201548528845,18.0071,global_max,0.427687,0.0150,0.0086,200,42,
RGB,2000.0,100.0,20000000000.0,1.0,19.0,1.0,40.0,3500.0,VALID,36.48742501084005,412356.1774981991,23.449243748081784,0.016607432684173622,0.017883201548528845,18.0071,blind_harmonic_sum,0.804701,0.0000,0.0000,200,42,
RGB,2000.0,100.0,20000000000.0,1.0,19.0,1.0,40.0,3500.0,VALID,36.48742501084005,412356.1774981991,23.449243748081784,0.016607432684173622,0.017883201548528845,18.0071,oracle_single_freq,0.093194,0.3800,0.0343,200,42,
RGB,2000.0,100.0,20000000000.0,1.0,19.0,2.0,41.51,3500.0,VALID,37.99742501084005,412356.1774981991,24.959243748081782,0.004133353037388775,0.004478481829452729,18.0071,global_max,0.427687,0.0100,0.0070,200,42,
RGB,2000.0,100.0,20000000000.0,1.0,19.0,2.0,41.51,3500.0,VALID,37.99742501084005,412356.1774981991,24.959243748081782,0.004133353037388775,0.004478481829452729,18.0071,blind_harmonic_sum,0.804701,0.0100,0.0070,200,42,
RGB,2000.0,100.0,20000000000.0,1.0,19.0,2.0,41.51,3500.0,VALID,37.99742501084005,412356.1774981991,24.959243748081782,0.004133353037388775,0.004478481829452729,18.0071,oracle_single_freq,0.093194,0.0350,0.0130,200,42,
RGB,2000.0,100.0,20000000000.0,1.0,19.0,2.9,42.31,3500.0,VALID,38.79742501084005,412356.1774981991,25.759243748081786,0.0019783471458874394,0.0021458412116365315,18.0071,global_max,0.427687,0.0200,0.0099,200,42,
RGB,2000.0,100.0,20000000000.0,1.0,19.0,2.9,42.31,3500.0,VALID,38.79742501084005,412356.1774981991,25.759243748081786,0.0019783471458874394,0.0021458412116365315,18.0071,blind_harmonic_sum,0.804701,0.0150,0.0086,200,42,
RGB,2000.0,100.0,20000000000.0,1.0,19.0,2.9,42.31,3500.0,VALID,38.79742501084005,412356.1774981991,25.759243748081786,0.0019783471458874394,0.0021458412116365315,18.0071,oracle_single_freq,0.093194,0.0450,0.0147,200,42,
RGB,2000.0,100.0,20000000000.0,2.0,19.0,0.5,38.49,3500.0,VALID,34.97742501084005,412356.1774981991,22.939243748081786,0.02656455228464752,0.028465659521181363,18.0071,global_max,0.427687,0.0050,0.0050,200,42,
RGB,2000.0,100.0,20000000000.0,2.0,19.0,0.5,38.49,3500.0,VALID,34.97742501084005,412356.1774981991,22.939243748081786,0.02656455228464752,0.028465659521181363,18.0071,blind_harmonic_sum,0.804701,0.0100,0.0070,200,42,
RGB,2000.0,100.0,20000000000.0,2.0,19.0,0.5,38.49,3500.0,VALID,34.97742501084005,412356.1774981991,22.939243748081786,0.02656455228464752,0.028465659521181363,18.0071,oracle_single_freq,0.093194,0.8250,0.0269,200,42,
RGB,2000.0,100.0,20000000000.0,2.0,19.0,1.0,40.0,3500.0,VALID,36.48742501084005,412356.1774981991,24.449243748081784,0.0066115380360540306,0.007154760207123172,18.0071,global_max,0.427687,0.0150,0.0086,200,42,
RGB,2000.0,100.0,20000000000.0,2.0,19.0,1.0,40.0,3500.0,VALID,36.48742501084005,412356.1774981991,24.449243748081784,0.0066115380360540306,0.007154760207123172,18.0071,blind_harmonic_sum,0.804701,0.0000,0.0000,200,42,
RGB,2000.0,100.0,20000000000.0,2.0,19.0,1.0,40.0,3500.0,VALID,36.48742501084005,412356.1774981991,24.449243748081784,0.0066115380360540306,0.007154760207123172,18.0071,oracle_single_freq,0.093194,0.0650,0.0174,200,42,
RGB,2000.0,100.0,20000000000.0,2.0,19.0,2.0,41.51,3500.0,VALID,37.99742501084005,412356.1774981991,25.959243748081782,0.001645517482613549,0.0017851295779440447,18.0071,global_max,0.427687,0.0100,0.0070,200,42,
RGB,2000.0,100.0,20000000000.0,2.0,19.0,2.0,41.51,3500.0,VALID,37.99742501084005,412356.1774981991,25.959243748081782,0.001645517482613549,0.0017851295779440447,18.0071,blind_harmonic_sum,0.804701,0.0050,0.0050,200,42,
RGB,2000.0,100.0,20000000000.0,2.0,19.0,2.0,41.51,3500.0,VALID,37.99742501084005,412356.1774981991,25.959243748081782,0.001645517482613549,0.0017851295779440447,18.0071,oracle_single_freq,0.093194,0.0200,0.0099,200,42,
RGB,2000.0,100.0,20000000000.0,2.0,19.0,2.9,42.31,3500.0,VALID,38.79742501084005,412356.1774981991,26.759243748081786,0.0007875941846218355,0.0008547829540271079,18.0071,global_max,0.427687,0.0250,0.0110,200,42,
RGB,2000.0,100.0,20000000000.0,2.0,19.0,2.9,42.31,3500.0,VALID,38.79742501084005,412356.1774981991,26.759243748081786,0.0007875941846218355,0.0008547829540271079,18.0071,blind_harmonic_sum,0.804701,0.0150,0.0086,200,42,
RGB,2000.0,100.0,20000000000.0,2.0,19.0,2.9,42.31,3500.0,VALID,38.79742501084005,412356.1774981991,26.759243748081786,0.0007875941846218355,0.0008547829540271079,18.0071,oracle_single_freq,0.093194,0.0300,0.0121,200,42,
VY,270000.0,1420.0,100000000.0,0.0,19.0,0.5,38.49,1447.3149397000482,VALID-marginal,29.651590589602534,7334.234076333417,19.98820367308754,0.4024561152118549,0.3672232011671681,18.0071,global_max,0.427687,0.9950,0.0050,200,42,
VY,270000.0,1420.0,100000000.0,0.0,19.0,0.5,38.49,1447.3149397000482,VALID-marginal,29.651590589602534,7334.234076333417,19.98820367308754,0.4024561152118549,0.3672232011671681,18.0071,blind_harmonic_sum,0.804701,0.8550,0.0249,200,42,
VY,270000.0,1420.0,100000000.0,0.0,19.0,0.5,38.49,1447.3149397000482,VALID-marginal,29.651590589602534,7334.234076333417,19.98820367308754,0.4024561152118549,0.3672232011671681,18.0071,oracle_single_freq,0.093194,1.0000,0.0000,200,42,
VY,270000.0,1420.0,100000000.0,0.0,19.0,1.0,40.0,1447.3149397000482,VALID-marginal,31.161590589602532,7334.234076333417,21.498203673087538,0.10016558476325281,0.10364513820682489,18.0071,global_max,0.427687,0.8900,0.0221,200,42,
VY,270000.0,1420.0,100000000.0,0.0,19.0,1.0,40.0,1447.3149397000482,VALID-marginal,31.161590589602532,7334.234076333417,21.498203673087538,0.10016558476325281,0.10364513820682489,18.0071,blind_harmonic_sum,0.804701,0.4850,0.0353,200,42,
VY,270000.0,1420.0,100000000.0,0.0,19.0,1.0,40.0,1447.3149397000482,VALID-marginal,31.161590589602532,7334.234076333417,21.498203673087538,0.10016558476325281,0.10364513820682489,18.0071,oracle_single_freq,0.093194,1.0000,0.0000,200,42,
VY,270000.0,1420.0,100000000.0,0.0,19.0,2.0,41.51,1447.3149397000482,VALID-marginal,32.67159058960253,7334.234076333417,23.008203673087536,0.024929784867805733,0.026735285213662245,18.0071,global_max,0.427687,0.0100,0.0070,200,42,
VY,270000.0,1420.0,100000000.0,0.0,19.0,2.0,41.51,1447.3149397000482,VALID-marginal,32.67159058960253,7334.234076333417,23.008203673087536,0.024929784867805733,0.026735285213662245,18.0071,blind_harmonic_sum,0.804701,0.0050,0.0050,200,42,
VY,270000.0,1420.0,100000000.0,0.0,19.0,2.0,41.51,1447.3149397000482,VALID-marginal,32.67159058960253,7334.234076333417,23.008203673087536,0.024929784867805733,0.026735285213662245,18.0071,oracle_single_freq,0.093194,0.7850,0.0290,200,42,
VY,270000.0,1420.0,100000000.0,0.0,19.0,2.9,42.31,1447.3149397000482,VALID-marginal,33.471590589602535,7334.234076333417,23.80820367308754,0.01193214523286132,0.012878480026910447,18.0071,global_max,0.427687,0.0050,0.0050,200,42,
VY,270000.0,1420.0,100000000.0,0.0,19.0,2.9,42.31,1447.3149397000482,VALID-marginal,33.471590589602535,7334.234076333417,23.80820367308754,0.01193214523286132,0.012878480026910447,18.0071,blind_harmonic_sum,0.804701,0.0000,0.0000,200,42,
VY,270000.0,1420.0,100000000.0,0.0,19.0,2.9,42.31,1447.3149397000482,VALID-marginal,33.471590589602535,7334.234076333417,23.80820367308754,0.01193214523286132,0.012878480026910447,18.0071,oracle_single_freq,0.093194,0.1850,0.0275,200,42,
VY,270000.0,1420.0,100000000.0,0.5,19.0,0.5,38.49,1447.3149397000482,VALID-marginal,29.651590589602534,7334.234076333417,20.48820367308754,0.25393264172388663,0.2456855196392122,18.0071,global_max,0.427687,1.0000,0.0000,200,42,
VY,270000.0,1420.0,100000000.0,0.5,19.0,0.5,38.49,1447.3149397000482,VALID-marginal,29.651590589602534,7334.234076333417,20.48820367308754,0.25393264172388663,0.2456855196392122,18.0071,blind_harmonic_sum,0.804701,0.7900,0.0288,200,42,
VY,270000.0,1420.0,100000000.0,0.5,19.0,0.5,38.49,1447.3149397000482,VALID-marginal,29.651590589602534,7334.234076333417,20.48820367308754,0.25393264172388663,0.2456855196392122,18.0071,oracle_single_freq,0.093194,1.0000,0.0000,200,42,
VY,270000.0,1420.0,100000000.0,0.5,19.0,1.0,40.0,1447.3149397000482,VALID-marginal,31.161590589602532,7334.234076333417,21.998203673087538,0.0632002113705277,0.06653763568752766,18.0071,global_max,0.427687,0.4550,0.0352,200,42,
VY,270000.0,1420.0,100000000.0,0.5,19.0,1.0,40.0,1447.3149397000482,VALID-marginal,31.161590589602532,7334.234076333417,21.998203673087538,0.0632002113705277,0.06653763568752766,18.0071,blind_harmonic_sum,0.804701,0.1800,0.0272,200,42,
VY,270000.0,1420.0,100000000.0,0.5,19.0,1.0,40.0,1447.3149397000482,VALID-marginal,31.161590589602532,7334.234076333417,21.998203673087538,0.0632002113705277,0.06653763568752766,18.0071,oracle_single_freq,0.093194,0.9900,0.0070,200,42,
VY,270000.0,1420.0,100000000.0,0.5,19.0,2.0,41.51,1447.3149397000482,VALID-marginal,32.67159058960253,7334.234076333417,23.508203673087536,0.015729630858653205,0.016945304681978274,18.0071,global_max,0.427687,0.0150,0.0086,200,42,
VY,270000.0,1420.0,100000000.0,0.5,19.0,2.0,41.51,1447.3149397000482,VALID-marginal,32.67159058960253,7334.234076333417,23.508203673087536,0.015729630858653205,0.016945304681978274,18.0071,blind_harmonic_sum,0.804701,0.0100,0.0070,200,42,
VY,270000.0,1420.0,100000000.0,0.5,19.0,2.0,41.51,1447.3149397000482,VALID-marginal,32.67159058960253,7334.234076333417,23.508203673087536,0.015729630858653205,0.016945304681978274,18.0071,oracle_single_freq,0.093194,0.3450,0.0336,200,42,
VY,270000.0,1420.0,100000000.0,0.5,19.0,2.9,42.31,1447.3149397000482,VALID-marginal,33.471590589602535,7334.234076333417,24.30820367308754,0.007528674670078177,0.008143537960340182,18.0071,global_max,0.427687,0.0100,0.0070,200,42,
VY,270000.0,1420.0,100000000.0,0.5,19.0,2.9,42.31,1447.3149397000482,VALID-marginal,33.471590589602535,7334.234076333417,24.30820367308754,0.007528674670078177,0.008143537960340182,18.0071,blind_harmonic_sum,0.804701,0.0050,0.0050,200,42,
VY,270000.0,1420.0,100000000.0,0.5,19.0,2.9,42.31,1447.3149397000482,VALID-marginal,33.471590589602535,7334.234076333417,24.30820367308754,0.007528674670078177,0.008143537960340182,18.0071,oracle_single_freq,0.093194,0.0750,0.0186,200,42,
VY,270000.0,1420.0,100000000.0,1.0,19.0,0.5,38.49,1447.3149397000482,VALID-marginal,29.651590589602534,7334.234076333417,20.98820367308754,0.16022066529894385,0.16135149161831383,18.0071,global_max,0.427687,0.9800,0.0099,200,42,
VY,270000.0,1420.0,100000000.0,1.0,19.0,0.5,38.49,1447.3149397000482,VALID-marginal,29.651590589602534,7334.234076333417,20.98820367308754,0.16022066529894385,0.16135149161831383,18.0071,blind_harmonic_sum,0.804701,0.6800,0.0330,200,42,
VY,270000.0,1420.0,100000000.0,1.0,19.0,0.5,38.49,1447.3149397000482,VALID-marginal,29.651590589602534,7334.234076333417,20.98820367308754,0.16022066529894385,0.16135149161831383,18.0071,oracle_single_freq,0.093194,1.0000,0.0000,200,42,
VY,270000.0,1420.0,100000000.0,1.0,19.0,1.0,40.0,1447.3149397000482,VALID-marginal,31.161590589602532,7334.234076333417,22.498203673087538,0.03987663753693506,0.04245455301919791,18.0071,global_max,0.427687,0.0950,0.0207,200,42,
VY,270000.0,1420.0,100000000.0,1.0,19.0,1.0,40.0,1447.3149397000482,VALID-marginal,31.161590589602532,7334.234076333417,22.498203673087538,0.03987663753693506,0.04245455301919791,18.0071,blind_harmonic_sum,0.804701,0.0800,0.0192,200,42,
VY,270000.0,1420.0,100000000.0,1.0,19.0,1.0,40.0,1447.3149397000482,VALID-marginal,31.161590589602532,7334.234076333417,22.498203673087538,0.03987663753693506,0.04245455301919791,18.0071,oracle_single_freq,0.093194,0.9800,0.0099,200,42,
VY,270000.0,1420.0,100000000.0,1.0,19.0,2.0,41.51,1447.3149397000482,VALID-marginal,32.67159058960253,7334.234076333417,24.008203673087536,0.009924726116229535,0.010722513044176166,18.0071,global_max,0.427687,0.0200,0.0099,200,42,
VY,270000.0,1420.0,100000000.0,1.0,19.0,2.0,41.51,1447.3149397000482,VALID-marginal,32.67159058960253,7334.234076333417,24.008203673087536,0.009924726116229535,0.010722513044176166,18.0071,blind_harmonic_sum,0.804701,0.0100,0.0070,200,42,
VY,270000.0,1420.0,100000000.0,1.0,19.0,2.0,41.51,1447.3149397000482,VALID-marginal,32.67159058960253,7334.234076333417,24.008203673087536,0.009924726116229535,0.010722513044176166,18.0071,oracle_single_freq,0.093194,0.1550,0.0256,200,42,
VY,270000.0,1420.0,100000000.0,1.0,19.0,2.9,42.31,1447.3149397000482,VALID-marginal,33.471590589602535,7334.234076333417,24.80820367308754,0.00475027257728782,0.005145331708068619,18.0071,global_max,0.427687,0.0050,0.0050,200,42,
VY,270000.0,1420.0,100000000.0,1.0,19.0,2.9,42.31,1447.3149397000482,VALID-marginal,33.471590589602535,7334.234076333417,24.80820367308754,0.00475027257728782,0.005145331708068619,18.0071,blind_harmonic_sum,0.804701,0.0050,0.0050,200,42,
VY,270000.0,1420.0,100000000.0,1.0,19.0,2.9,42.31,1447.3149397000482,VALID-marginal,33.471590589602535,7334.234076333417,24.80820367308754,0.00475027257728782,0.005145331708068619,18.0071,oracle_single_freq,0.093194,0.0400,0.0139,200,42,
VY,270000.0,1420.0,100000000.0,2.0,19.0,0.5,38.49,1447.3149397000482,VALID-marginal,29.651590589602534,7334.234076333417,21.98820367308754,0.06378499572636144,0.06713465118249605,18.0071,global_max,0.427687,0.5100,0.0353,200,42,
VY,270000.0,1420.0,100000000.0,2.0,19.0,0.5,38.49,1447.3149397000482,VALID-marginal,29.651590589602534,7334.234076333417,21.98820367308754,0.06378499572636144,0.06713465118249605,18.0071,blind_harmonic_sum,0.804701,0.2450,0.0304,200,42,
VY,270000.0,1420.0,100000000.0,2.0,19.0,0.5,38.49,1447.3149397000482,VALID-marginal,29.651590589602534,7334.234076333417,21.98820367308754,0.06378499572636144,0.06713465118249605,18.0071,oracle_single_freq,0.093194,1.0000,0.0000,200,42,
VY,270000.0,1420.0,100000000.0,2.0,19.0,1.0,40.0,1447.3149397000482,VALID-marginal,31.161590589602532,7334.234076333417,23.498203673087538,0.0158751753410166,0.017100869301330354,18.0071,global_max,0.427687,0.0200,0.0099,200,42,
VY,270000.0,1420.0,100000000.0,2.0,19.0,1.0,40.0,1447.3149397000482,VALID-marginal,31.161590589602532,7334.234076333417,23.498203673087538,0.0158751753410166,0.017100869301330354,18.0071,blind_harmonic_sum,0.804701,0.0050,0.0050,200,42,
VY,270000.0,1420.0,100000000.0,2.0,19.0,1.0,40.0,1447.3149397000482,VALID-marginal,31.161590589602532,7334.234076333417,23.498203673087538,0.0158751753410166,0.017100869301330354,18.0071,oracle_single_freq,0.093194,0.4050,0.0347,200,42,
VY,270000.0,1420.0,100000000.0,2.0,19.0,2.0,41.51,1447.3149397000482,VALID-marginal,32.67159058960253,7334.234076333417,25.008203673087536,0.0039511046326505365,0.004281404768205417,18.0071,global_max,0.427687,0.0350,0.0130,200,42,
VY,270000.0,1420.0,100000000.0,2.0,19.0,2.0,41.51,1447.3149397000482,VALID-marginal,32.67159058960253,7334.234076333417,25.008203673087536,0.0039511046326505365,0.004281404768205417,18.0071,blind_harmonic_sum,0.804701,0.0050,0.0050,200,42,
VY,270000.0,1420.0,100000000.0,2.0,19.0,2.0,41.51,1447.3149397000482,VALID-marginal,32.67159058960253,7334.234076333417,25.008203673087536,0.0039511046326505365,0.004281404768205417,18.0071,oracle_single_freq,0.093194,0.0250,0.0110,200,42,
VY,270000.0,1420.0,100000000.0,2.0,19.0,2.9,42.31,1447.3149397000482,VALID-marginal,33.471590589602535,7334.234076333417,25.80820367308754,0.0018911175751019232,0.002051315789841881,18.0071,global_max,0.427687,0.0200,0.0099,200,42,
VY,270000.0,1420.0,100000000.0,2.0,19.0,2.9,42.31,1447.3149397000482,VALID-marginal,33.471590589602535,7334.234076333417,25.80820367308754,0.0018911175751019232,0.002051315789841881,18.0071,blind_harmonic_sum,0.804701,0.0150,0.0086,200,42,
VY,270000.0,1420.0,100000000.0,2.0,19.0,2.9,42.31,1447.3149397000482,VALID-marginal,33.471590589602535,7334.234076333417,25.80820367308754,0.0018911175751019232,0.002051315789841881,18.0071,oracle_single_freq,0.093194,0.0400,0.0139,200,42,
VY,270000.0,1420.0,1000000000.0,0.0,19.0,0.5,38.49,2124.36780851021,VALID,29.651590589602534,20200.158010038384,18.88820367308754,1.1084561843504643,0.809911451019449,18.0071,global_max,0.427687,1.0000,0.0000,200,42,
VY,270000.0,1420.0,1000000000.0,0.0,19.0,0.5,38.49,2124.36780851021,VALID,29.651590589602534,20200.158010038384,18.88820367308754,1.1084561843504643,0.809911451019449,18.0071,blind_harmonic_sum,0.804701,0.9000,0.0212,200,42,
VY,270000.0,1420.0,1000000000.0,0.0,19.0,0.5,38.49,2124.36780851021,VALID,29.651590589602534,20200.158010038384,18.88820367308754,1.1084561843504643,0.809911451019449,18.0071,oracle_single_freq,0.093194,1.0000,0.0000,200,42,
VY,270000.0,1420.0,1000000000.0,0.0,19.0,1.0,40.0,2124.36780851021,VALID,31.161590589602532,20200.158010038384,20.398203673087536,0.2758789286416033,0.26452366261344057,18.0071,global_max,0.427687,0.9950,0.0050,200,42,
VY,270000.0,1420.0,1000000000.0,0.0,19.0,1.0,40.0,2124.36780851021,VALID,31.161590589602532,20200.158010038384,20.398203673087536,0.2758789286416033,0.26452366261344057,18.0071,blind_harmonic_sum,0.804701,0.8200,0.0272,200,42,
VY,270000.0,1420.0,1000000000.0,0.0,19.0,1.0,40.0,2124.36780851021,VALID,31.161590589602532,20200.158010038384,20.398203673087536,0.2758789286416033,0.26452366261344057,18.0071,oracle_single_freq,0.093194,1.0000,0.0000,200,42,
VY,270000.0,1420.0,1000000000.0,0.0,19.0,2.0,41.51,2124.36780851021,VALID,32.67159058960253,20200.158010038384,21.908203673087534,0.06866232905095612,0.07210125133788345,18.0071,global_max,0.427687,0.5700,0.0350,200,42,
VY,270000.0,1420.0,1000000000.0,0.0,19.0,2.0,41.51,2124.36780851021,VALID,32.67159058960253,20200.158010038384,21.908203673087534,0.06866232905095612,0.07210125133788345,18.0071,blind_harmonic_sum,0.804701,0.2650,0.0312,200,42,
VY,270000.0,1420.0,1000000000.0,0.0,19.0,2.0,41.51,2124.36780851021,VALID,32.67159058960253,20200.158010038384,21.908203673087534,0.06866232905095612,0.07210125133788345,18.0071,oracle_single_freq,0.093194,1.0000,0.0000,200,42,
VY,270000.0,1420.0,1000000000.0,0.0,19.0,2.9,42.31,2124.36780851021,VALID,33.471590589602535,20200.158010038384,22.70820367308754,0.03286385689274637,0.03510770095101594,18.0071,global_max,0.427687,0.0300,0.0121,200,42,
VY,270000.0,1420.0,1000000000.0,0.0,19.0,2.9,42.31,2124.36780851021,VALID,33.471590589602535,20200.158010038384,22.70820367308754,0.03286385689274637,0.03510770095101594,18.0071,blind_harmonic_sum,0.804701,0.0250,0.0110,200,42,
VY,270000.0,1420.0,1000000000.0,0.0,19.0,2.9,42.31,2124.36780851021,VALID,33.471590589602535,20200.158010038384,22.70820367308754,0.03286385689274637,0.03510770095101594,18.0071,oracle_single_freq,0.093194,0.9400,0.0168,200,42,
VY,270000.0,1420.0,1000000000.0,0.5,19.0,0.5,38.49,2124.36780851021,VALID,29.651590589602534,20200.158010038384,19.38820367308754,0.6993885705504165,0.5757317325630397,18.0071,global_max,0.427687,1.0000,0.0000,200,42,
VY,270000.0,1420.0,1000000000.0,0.5,19.0,0.5,38.49,2124.36780851021,VALID,29.651590589602534,20200.158010038384,19.38820367308754,0.6993885705504165,0.5757317325630397,18.0071,blind_harmonic_sum,0.804701,0.8900,0.0221,200,42,
VY,270000.0,1420.0,1000000000.0,0.5,19.0,0.5,38.49,2124.36780851021,VALID,29.651590589602534,20200.158010038384,19.38820367308754,0.6993885705504165,0.5757317325630397,18.0071,oracle_single_freq,0.093194,1.0000,0.0000,200,42,
VY,270000.0,1420.0,1000000000.0,0.5,19.0,1.0,40.0,2124.36780851021,VALID,31.161590589602532,20200.158010038384,20.898203673087536,0.17406783621374675,0.1742329766107176,18.0071,global_max,0.427687,0.9700,0.0121,200,42,
VY,270000.0,1420.0,1000000000.0,0.5,19.0,1.0,40.0,2124.36780851021,VALID,31.161590589602532,20200.158010038384,20.898203673087536,0.17406783621374675,0.1742329766107176,18.0071,blind_harmonic_sum,0.804701,0.6700,0.0332,200,42,
VY,270000.0,1420.0,1000000000.0,0.5,19.0,1.0,40.0,2124.36780851021,VALID,31.161590589602532,20200.158010038384,20.898203673087536,0.17406783621374675,0.1742329766107176,18.0071,oracle_single_freq,0.093194,1.0000,0.0000,200,42,
VY,270000.0,1420.0,1000000000.0,0.5,19.0,2.0,41.51,2124.36780851021,VALID,32.67159058960253,20200.158010038384,22.408203673087534,0.043323000803816486,0.04604695455233236,18.0071,global_max,0.427687,0.1200,0.0230,200,42,
VY,270000.0,1420.0,1000000000.0,0.5,19.0,2.0,41.51,2124.36780851021,VALID,32.67159058960253,20200.158010038384,22.408203673087534,0.043323000803816486,0.04604695455233236,18.0071,blind_harmonic_sum,0.804701,0.0850,0.0197,200,42,
VY,270000.0,1420.0,1000000000.0,0.5,19.0,2.0,41.51,2124.36780851021,VALID,32.67159058960253,20200.158010038384,22.408203673087534,0.043323000803816486,0.04604695455233236,18.0071,oracle_single_freq,0.093194,0.9950,0.0050,200,42,
VY,270000.0,1420.0,1000000000.0,0.5,19.0,2.9,42.31,2124.36780851021,VALID,33.471590589602535,20200.158010038384,23.20820367308754,0.020735691874424343,0.022283252326343855,18.0071,global_max,0.427687,0.0050,0.0050,200,42,
VY,270000.0,1420.0,1000000000.0,0.5,19.0,2.9,42.31,2124.36780851021,VALID,33.471590589602535,20200.158010038384,23.20820367308754,0.020735691874424343,0.022283252326343855,18.0071,blind_harmonic_sum,0.804701,0.0050,0.0050,200,42,
VY,270000.0,1420.0,1000000000.0,0.5,19.0,2.9,42.31,2124.36780851021,VALID,33.471590589602535,20200.158010038384,23.20820367308754,0.020735691874424343,0.022283252326343855,18.0071,oracle_single_freq,0.093194,0.6100,0.0345,200,42,
VY,270000.0,1420.0,1000000000.0,1.0,19.0,0.5,38.49,2124.36780851021,VALID,29.651590589602534,20200.158010038384,19.88820367308754,0.4412843552342891,0.39687418126139995,18.0071,global_max,0.427687,0.9950,0.0050,200,42,
VY,270000.0,1420.0,1000000000.0,1.0,19.0,0.5,38.49,2124.36780851021,VALID,29.651590589602534,20200.158010038384,19.88820367308754,0.4412843552342891,0.39687418126139995,18.0071,blind_harmonic_sum,0.804701,0.9150,0.0197,200,42,
VY,270000.0,1420.0,1000000000.0,1.0,19.0,0.5,38.49,2124.36780851021,VALID,29.651590589602534,20200.158010038384,19.88820367308754,0.4412843552342891,0.39687418126139995,18.0071,oracle_single_freq,0.093194,1.0000,0.0000,200,42,
VY,270000.0,1420.0,1000000000.0,1.0,19.0,1.0,40.0,2124.36780851021,VALID,31.161590589602532,20200.158010038384,21.398203673087536,0.10982937969683886,0.11314054347174614,18.0071,global_max,0.427687,0.9050,0.0207,200,42,
VY,270000.0,1420.0,1000000000.0,1.0,19.0,1.0,40.0,2124.36780851021,VALID,31.161590589602532,20200.158010038384,21.398203673087536,0.10982937969683886,0.11314054347174614,18.0071,blind_harmonic_sum,0.804701,0.4650,0.0353,200,42,
VY,270000.0,1420.0,1000000000.0,1.0,19.0,1.0,40.0,2124.36780851021,VALID,31.161590589602532,20200.158010038384,21.398203673087536,0.10982937969683886,0.11314054347174614,18.0071,oracle_single_freq,0.093194,1.0000,0.0000,200,42,
VY,270000.0,1420.0,1000000000.0,1.0,19.0,2.0,41.51,2124.36780851021,VALID,32.67159058960253,20200.158010038384,22.908203673087534,0.02733496554208933,0.029280174153664483,18.0071,global_max,0.427687,0.0100,0.0070,200,42,
VY,270000.0,1420.0,1000000000.0,1.0,19.0,2.0,41.51,2124.36780851021,VALID,32.67159058960253,20200.158010038384,22.908203673087534,0.02733496554208933,0.029280174153664483,18.0071,blind_harmonic_sum,0.804701,0.0100,0.0070,200,42,
VY,270000.0,1420.0,1000000000.0,1.0,19.0,2.0,41.51,2124.36780851021,VALID,32.67159058960253,20200.158010038384,22.908203673087534,0.02733496554208933,0.029280174153664483,18.0071,oracle_single_freq,0.093194,0.8300,0.0266,200,42,
VY,270000.0,1420.0,1000000000.0,1.0,19.0,2.9,42.31,2124.36780851021,VALID,33.471590589602535,20200.158010038384,23.70820367308754,0.013083337081046306,0.014112930641000065,18.0071,global_max,0.427687,0.0150,0.0086,200,42,
VY,270000.0,1420.0,1000000000.0,1.0,19.0,2.9,42.31,2124.36780851021,VALID,33.471590589602535,20200.158010038384,23.70820367308754,0.013083337081046306,0.014112930641000065,18.0071,blind_harmonic_sum,0.804701,0.0100,0.0070,200,42,
VY,270000.0,1420.0,1000000000.0,1.0,19.0,2.9,42.31,2124.36780851021,VALID,33.471590589602535,20200.158010038384,23.70820367308754,0.013083337081046306,0.014112930641000065,18.0071,oracle_single_freq,0.093194,0.2950,0.0322,200,42,
VY,270000.0,1420.0,1000000000.0,2.0,19.0,0.5,38.49,2124.36780851021,VALID,29.651590589602534,20200.158010038384,20.88820367308754,0.1756784660718472,0.1757214091462434,18.0071,global_max,0.427687,0.9750,0.0110,200,42,
VY,270000.0,1420.0,1000000000.0,2.0,19.0,0.5,38.49,2124.36780851021,VALID,29.651590589602534,20200.158010038384,20.88820367308754,0.1756784660718472,0.1757214091462434,18.0071,blind_harmonic_sum,0.804701,0.6850,0.0328,200,42,
VY,270000.0,1420.0,1000000000.0,2.0,19.0,0.5,38.49,2124.36780851021,VALID,29.651590589602534,20200.158010038384,20.88820367308754,0.1756784660718472,0.1757214091462434,18.0071,oracle_single_freq,0.093194,1.0000,0.0000,200,42,
VY,270000.0,1420.0,1000000000.0,2.0,19.0,1.0,40.0,2124.36780851021,VALID,31.161590589602532,20200.158010038384,22.398203673087536,0.04372386359475424,0.046464033112510315,18.0071,global_max,0.427687,0.1200,0.0230,200,42,
VY,270000.0,1420.0,1000000000.0,2.0,19.0,1.0,40.0,2124.36780851021,VALID,31.161590589602532,20200.158010038384,22.398203673087536,0.04372386359475424,0.046464033112510315,18.0071,blind_harmonic_sum,0.804701,0.0750,0.0186,200,42,
VY,270000.0,1420.0,1000000000.0,2.0,19.0,1.0,40.0,2124.36780851021,VALID,31.161590589602532,20200.158010038384,22.398203673087536,0.04372386359475424,0.046464033112510315,18.0071,oracle_single_freq,0.093194,0.9900,0.0070,200,42,
VY,270000.0,1420.0,1000000000.0,2.0,19.0,2.0,41.51,2124.36780851021,VALID,32.67159058960253,20200.158010038384,23.908203673087534,0.010882245789138531,0.011751422650983452,18.0071,global_max,0.427687,0.0200,0.0099,200,42,
VY,270000.0,1420.0,1000000000.0,2.0,19.0,2.0,41.51,2124.36780851021,VALID,32.67159058960253,20200.158010038384,23.908203673087534,0.010882245789138531,0.011751422650983452,18.0071,blind_harmonic_sum,0.804701,0.0100,0.0070,200,42,
VY,270000.0,1420.0,1000000000.0,2.0,19.0,2.0,41.51,2124.36780851021,VALID,32.67159058960253,20200.158010038384,23.908203673087534,0.010882245789138531,0.011751422650983452,18.0071,oracle_single_freq,0.093194,0.1750,0.0269,200,42,
VY,270000.0,1420.0,1000000000.0,2.0,19.0,2.9,42.31,2124.36780851021,VALID,33.471590589602535,20200.158010038384,24.70820367308754,0.0052085703067329975,0.005640456718017934,18.0071,global_max,0.427687,0.0150,0.0086,200,42,
VY,270000.0,1420.0,1000000000.0,2.0,19.0,2.9,42.31,2124.36780851021,VALID,33.471590589602535,20200.158010038384,24.70820367308754,0.0052085703067329975,0.005640456718017934,18.0071,blind_harmonic_sum,0.804701,0.0000,0.0000,200,42,
VY,270000.0,1420.0,1000000000.0,2.0,19.0,2.9,42.31,2124.36780851021,VALID,33.471590589602535,20200.158010038384,24.70820367308754,0.0052085703067329975,0.005640456718017934,18.0071,oracle_single_freq,0.093194,0.0600,0.0168,200,42,
VY,270000.0,1420.0,10000000000.0,0.0,19.0,0.5,38.49,3118.1455134911876,VALID,29.651590589602534,55635.855003214085,17.788203673087537,3.0529418393307552,1.51942592889596,18.0071,global_max,0.427687,1.0000,0.0000,200,42,
VY,270000.0,1420.0,10000000000.0,0.0,19.0,0.5,38.49,3118.1455134911876,VALID,29.651590589602534,55635.855003214085,17.788203673087537,3.0529418393307552,1.51942592889596,18.0071,blind_harmonic_sum,0.804701,0.8700,0.0238,200,42,
VY,270000.0,1420.0,10000000000.0,0.0,19.0,0.5,38.49,3118.1455134911876,VALID,29.651590589602534,55635.855003214085,17.788203673087537,3.0529418393307552,1.51942592889596,18.0071,oracle_single_freq,0.093194,1.0000,0.0000,200,42,
VY,270000.0,1420.0,10000000000.0,0.0,19.0,1.0,40.0,3118.1455134911876,VALID,31.161590589602532,55635.855003214085,19.298203673087535,0.7598336639108867,0.6136790526895307,18.0071,global_max,0.427687,1.0000,0.0000,200,42,
VY,270000.0,1420.0,10000000000.0,0.0,19.0,1.0,40.0,3118.1455134911876,VALID,31.161590589602532,55635.855003214085,19.298203673087535,0.7598336639108867,0.6136790526895307,18.0071,blind_harmonic_sum,0.804701,0.9100,0.0202,200,42,
VY,270000.0,1420.0,10000000000.0,0.0,19.0,1.0,40.0,3118.1455134911876,VALID,31.161590589602532,55635.855003214085,19.298203673087535,0.7598336639108867,0.6136790526895307,18.0071,oracle_single_freq,0.093194,1.0000,0.0000,200,42,
VY,270000.0,1420.0,10000000000.0,0.0,19.0,2.0,41.51,3118.1455134911876,VALID,32.67159058960253,55635.855003214085,20.808203673087533,0.18911175751019363,0.18805668320175017,18.0071,global_max,0.427687,0.9850,0.0086,200,42,
VY,270000.0,1420.0,10000000000.0,0.0,19.0,2.0,41.51,3118.1455134911876,VALID,32.67159058960253,55635.855003214085,20.808203673087533,0.18911175751019363,0.18805668320175017,18.0071,blind_harmonic_sum,0.804701,0.6550,0.0336,200,42,
VY,270000.0,1420.0,10000000000.0,0.0,19.0,2.0,41.51,3118.1455134911876,VALID,32.67159058960253,55635.855003214085,20.808203673087533,0.18911175751019363,0.18805668320175017,18.0071,oracle_single_freq,0.093194,1.0000,0.0000,200,42,
VY,270000.0,1420.0,10000000000.0,0.0,19.0,2.9,42.31,3118.1455134911876,VALID,33.471590589602535,55635.855003214085,21.608203673087537,0.09051457795640001,0.09407868896310366,18.0071,global_max,0.427687,0.8550,0.0249,200,42,
VY,270000.0,1420.0,10000000000.0,0.0,19.0,2.9,42.31,3118.1455134911876,VALID,33.471590589602535,55635.855003214085,21.608203673087537,0.09051457795640001,0.09407868896310366,18.0071,blind_harmonic_sum,0.804701,0.4300,0.0350,200,42,
VY,270000.0,1420.0,10000000000.0,0.0,19.0,2.9,42.31,3118.1455134911876,VALID,33.471590589602535,55635.855003214085,21.608203673087537,0.09051457795640001,0.09407868896310366,18.0071,oracle_single_freq,0.093194,1.0000,0.0000,200,42,
VY,270000.0,1420.0,10000000000.0,0.5,19.0,0.5,38.49,3118.1455134911876,VALID,29.651590589602534,55635.855003214085,18.288203673087537,1.9262760757966102,1.1657882417075567,18.0071,global_max,0.427687,1.0000,0.0000,200,42,
VY,270000.0,1420.0,10000000000.0,0.5,19.0,0.5,38.49,3118.1455134911876,VALID,29.651590589602534,55635.855003214085,18.288203673087537,1.9262760757966102,1.1657882417075567,18.0071,blind_harmonic_sum,0.804701,0.9000,0.0212,200,42,
VY,270000.0,1420.0,10000000000.0,0.5,19.0,0.5,38.49,3118.1455134911876,VALID,29.651590589602534,55635.855003214085,18.288203673087537,1.9262760757966102,1.1657882417075567,18.0071,oracle_single_freq,0.093194,1.0000,0.0000,200,42,
VY,270000.0,1420.0,10000000000.0,0.5,19.0,1.0,40.0,3118.1455134911876,VALID,31.161590589602532,55635.855003214085,19.798203673087535,0.4794226308278687,0.4252306446217843,18.0071,global_max,0.427687,1.0000,0.0000,200,42,
VY,270000.0,1420.0,10000000000.0,0.5,19.0,1.0,40.0,3118.1455134911876,VALID,31.161590589602532,55635.855003214085,19.798203673087535,0.4794226308278687,0.4252306446217843,18.0071,blind_harmonic_sum,0.804701,0.8650,0.0242,200,42,
VY,270000.0,1420.0,10000000000.0,0.5,19.0,1.0,40.0,3118.1455134911876,VALID,31.161590589602532,55635.855003214085,19.798203673087535,0.4794226308278687,0.4252306446217843,18.0071,oracle_single_freq,0.093194,1.0000,0.0000,200,42,
VY,270000.0,1420.0,10000000000.0,0.5,19.0,2.0,41.51,3118.1455134911876,VALID,32.67159058960253,55635.855003214085,21.308203673087533,0.11932145232861399,0.12238706825198738,18.0071,global_max,0.427687,0.9750,0.0110,200,42,
VY,270000.0,1420.0,10000000000.0,0.5,19.0,2.0,41.51,3118.1455134911876,VALID,32.67159058960253,55635.855003214085,21.308203673087533,0.11932145232861399,0.12238706825198738,18.0071,blind_harmonic_sum,0.804701,0.6500,0.0337,200,42,
VY,270000.0,1420.0,10000000000.0,0.5,19.0,2.0,41.51,3118.1455134911876,VALID,32.67159058960253,55635.855003214085,21.308203673087533,0.11932145232861399,0.12238706825198738,18.0071,oracle_single_freq,0.093194,1.0000,0.0000,200,42,
VY,270000.0,1420.0,10000000000.0,0.5,19.0,2.9,42.31,3118.1455134911876,VALID,33.471590589602535,55635.855003214085,22.108203673087537,0.05711083774411559,0.060301313341966575,18.0071,global_max,0.427687,0.3300,0.0332,200,42,
VY,270000.0,1420.0,10000000000.0,0.5,19.0,2.9,42.31,3118.1455134911876,VALID,33.471590589602535,55635.855003214085,22.108203673087537,0.05711083774411559,0.060301313341966575,18.0071,blind_harmonic_sum,0.804701,0.1550,0.0256,200,42,
VY,270000.0,1420.0,10000000000.0,0.5,19.0,2.9,42.31,3118.1455134911876,VALID,33.471590589602535,55635.855003214085,22.108203673087537,0.05711083774411559,0.060301313341966575,18.0071,oracle_single_freq,0.093194,0.9900,0.0070,200,42,
VY,270000.0,1420.0,10000000000.0,1.0,19.0,0.5,38.49,3118.1455134911876,VALID,29.651590589602534,55635.855003214085,18.788203673087537,1.2153980375203566,0.8636294166556192,18.0071,global_max,0.427687,1.0000,0.0000,200,42,
VY,270000.0,1420.0,10000000000.0,1.0,19.0,0.5,38.49,3118.1455134911876,VALID,29.651590589602534,55635.855003214085,18.788203673087537,1.2153980375203566,0.8636294166556192,18.0071,blind_harmonic_sum,0.804701,0.8850,0.0226,200,42,
VY,270000.0,1420.0,10000000000.0,1.0,19.0,0.5,38.49,3118.1455134911876,VALID,29.651590589602534,55635.855003214085,18.788203673087537,1.2153980375203566,0.8636294166556192,18.0071,oracle_single_freq,0.093194,1.0000,0.0000,200,42,
VY,270000.0,1420.0,10000000000.0,1.0,19.0,1.0,40.0,3118.1455134911876,VALID,31.161590589602532,55635.855003214085,20.298203673087535,0.30249523003086004,0.2869403537771403,18.0071,global_max,0.427687,0.9900,0.0070,200,42,
VY,270000.0,1420.0,10000000000.0,1.0,19.0,1.0,40.0,3118.1455134911876,VALID,31.161590589602532,55635.855003214085,20.298203673087535,0.30249523003086004,0.2869403537771403,18.0071,blind_harmonic_sum,0.804701,0.8150,0.0275,200,42,
VY,270000.0,1420.0,10000000000.0,1.0,19.0,1.0,40.0,3118.1455134911876,VALID,31.161590589602532,55635.855003214085,20.298203673087535,0.30249523003086004,0.2869403537771403,18.0071,oracle_single_freq,0.093194,1.0000,0.0000,200,42,
VY,270000.0,1420.0,10000000000.0,1.0,19.0,2.0,41.51,3118.1455134911876,VALID,32.67159058960253,55635.855003214085,21.808203673087533,0.07528674670078227,0.07881073249844697,18.0071,global_max,0.427687,0.6850,0.0328,200,42,
VY,270000.0,1420.0,10000000000.0,1.0,19.0,2.0,41.51,3118.1455134911876,VALID,32.67159058960253,55635.855003214085,21.808203673087533,0.07528674670078227,0.07881073249844697,18.0071,blind_harmonic_sum,0.804701,0.3200,0.0330,200,42,
VY,270000.0,1420.0,10000000000.0,1.0,19.0,2.0,41.51,3118.1455134911876,VALID,32.67159058960253,55635.855003214085,21.808203673087533,0.07528674670078227,0.07881073249844697,18.0071,oracle_single_freq,0.093194,1.0000,0.0000,200,42,
VY,270000.0,1420.0,10000000000.0,1.0,19.0,2.9,42.31,3118.1455134911876,VALID,33.471590589602535,55635.855003214085,22.608203673087537,0.03603450252406635,0.03843554683940731,18.0071,global_max,0.427687,0.0500,0.0154,200,42,
VY,270000.0,1420.0,10000000000.0,1.0,19.0,2.9,42.31,3118.1455134911876,VALID,33.471590589602535,55635.855003214085,22.608203673087537,0.03603450252406635,0.03843554683940731,18.0071,blind_harmonic_sum,0.804701,0.0500,0.0154,200,42,
VY,270000.0,1420.0,10000000000.0,1.0,19.0,2.9,42.31,3118.1455134911876,VALID,33.471590589602535,55635.855003214085,22.608203673087537,0.03603450252406635,0.03843554683940731,18.0071,oracle_single_freq,0.093194,0.9500,0.0154,200,42,
VY,270000.0,1420.0,10000000000.0,2.0,19.0,0.5,38.49,3118.1455134911876,VALID,29.651590589602534,55635.855003214085,19.788203673087537,0.4838586738135024,0.4284813492144865,18.0071,global_max,0.427687,1.0000,0.0000,200,42,
VY,270000.0,1420.0,10000000000.0,2.0,19.0,0.5,38.49,3118.1455134911876,VALID,29.651590589602534,55635.855003214085,19.788203673087537,0.4838586738135024,0.4284813492144865,18.0071,blind_harmonic_sum,0.804701,0.9050,0.0207,200,42,
VY,270000.0,1420.0,10000000000.0,2.0,19.0,0.5,38.49,3118.1455134911876,VALID,29.651590589602534,55635.855003214085,19.788203673087537,0.4838586738135024,0.4284813492144865,18.0071,oracle_single_freq,0.093194,1.0000,0.0000,200,42,
VY,270000.0,1420.0,10000000000.0,2.0,19.0,1.0,40.0,3118.1455134911876,VALID,31.161590589602532,55635.855003214085,21.298203673087535,0.12042552013351498,0.12345748066921249,18.0071,global_max,0.427687,0.9450,0.0161,200,42,
VY,270000.0,1420.0,10000000000.0,2.0,19.0,1.0,40.0,3118.1455134911876,VALID,31.161590589602532,55635.855003214085,21.298203673087535,0.12042552013351498,0.12345748066921249,18.0071,blind_harmonic_sum,0.804701,0.5450,0.0352,200,42,
VY,270000.0,1420.0,10000000000.0,2.0,19.0,1.0,40.0,3118.1455134911876,VALID,31.161590589602532,55635.855003214085,21.298203673087535,0.12042552013351498,0.12345748066921249,18.0071,oracle_single_freq,0.093194,1.0000,0.0000,200,42,
VY,270000.0,1420.0,10000000000.0,2.0,19.0,2.0,41.51,3118.1455134911876,VALID,32.67159058960253,55635.855003214085,22.808203673087533,0.029972193709226262,0.032063750399692656,18.0071,global_max,0.427687,0.0050,0.0050,200,42,
VY,270000.0,1420.0,10000000000.0,2.0,19.0,2.0,41.51,3118.1455134911876,VALID,32.67159058960253,55635.855003214085,22.808203673087533,0.029972193709226262,0.032063750399692656,18.0071,blind_harmonic_sum,0.804701,0.0050,0.0050,200,42,
VY,270000.0,1420.0,10000000000.0,2.0,19.0,2.0,41.51,3118.1455134911876,VALID,32.67159058960253,55635.855003214085,22.808203673087533,0.029972193709226262,0.032063750399692656,18.0071,oracle_single_freq,0.093194,0.8750,0.0234,200,42,
VY,270000.0,1420.0,10000000000.0,2.0,19.0,2.9,42.31,3118.1455134911876,VALID,33.471590589602535,55635.855003214085,23.608203673087537,0.014345593842158914,0.015464867590711607,18.0071,global_max,0.427687,0.0000,0.0000,200,42,
VY,270000.0,1420.0,10000000000.0,2.0,19.0,2.9,42.31,3118.1455134911876,VALID,33.471590589602535,55635.855003214085,23.608203673087537,0.014345593842158914,0.015464867590711607,18.0071,blind_harmonic_sum,0.804701,0.0050,0.0050,200,42,
VY,270000.0,1420.0,10000000000.0,2.0,19.0,2.9,42.31,3118.1455134911876,VALID,33.471590589602535,55635.855003214085,23.608203673087537,0.014345593842158914,0.015464867590711607,18.0071,oracle_single_freq,0.093194,0.3550,0.0338,200,42,
VY,270000.0,1420.0,20000000000.0,0.0,19.0,0.5,38.49,3500.0,VALID,29.651590589602534,75475.84165861145,17.45707067785716,4.141634110682148,1.777752920282101,18.0071,global_max,0.427687,1.0000,0.0000,200,42,
VY,270000.0,1420.0,20000000000.0,0.0,19.0,0.5,38.49,3500.0,VALID,29.651590589602534,75475.84165861145,17.45707067785716,4.141634110682148,1.777752920282101,18.0071,blind_harmonic_sum,0.804701,0.8450,0.0256,200,42,
VY,270000.0,1420.0,20000000000.0,0.0,19.0,0.5,38.49,3500.0,VALID,29.651590589602534,75475.84165861145,17.45707067785716,4.141634110682148,1.777752920282101,18.0071,oracle_single_freq,0.093194,1.0000,0.0000,200,42,
VY,270000.0,1420.0,20000000000.0,0.0,19.0,1.0,40.0,3500.0,VALID,31.161590589602532,75475.84165861145,18.96707067785716,1.0307936366019261,0.7691644847324925,18.0071,global_max,0.427687,1.0000,0.0000,200,42,
VY,270000.0,1420.0,20000000000.0,0.0,19.0,1.0,40.0,3500.0,VALID,31.161590589602532,75475.84165861145,18.96707067785716,1.0307936366019261,0.7691644847324925,18.0071,blind_harmonic_sum,0.804701,0.9000,0.0212,200,42,
VY,270000.0,1420.0,20000000000.0,0.0,19.0,1.0,40.0,3500.0,VALID,31.161590589602532,75475.84165861145,18.96707067785716,1.0307936366019261,0.7691644847324925,18.0071,oracle_single_freq,0.093194,1.0000,0.0000,200,42,
VY,270000.0,1420.0,20000000000.0,0.0,19.0,2.0,41.51,3500.0,VALID,32.67159058960253,75475.84165861145,20.477070677857157,0.25654982860956277,0.24794928815335018,18.0071,global_max,0.427687,0.9950,0.0050,200,42,
VY,270000.0,1420.0,20000000000.0,0.0,19.0,2.0,41.51,3500.0,VALID,32.67159058960253,75475.84165861145,20.477070677857157,0.25654982860956277,0.24794928815335018,18.0071,blind_harmonic_sum,0.804701,0.8050,0.0280,200,42,
VY,270000.0,1420.0,20000000000.0,0.0,19.0,2.0,41.51,3500.0,VALID,32.67159058960253,75475.84165861145,20.477070677857157,0.25654982860956277,0.24794928815335018,18.0071,oracle_single_freq,0.093194,1.0000,0.0000,200,42,
VY,270000.0,1420.0,20000000000.0,0.0,19.0,2.9,42.31,3500.0,VALID,33.471590589602535,75475.84165861145,21.27707067785716,0.12279246815275159,0.12574872666172668,18.0071,global_max,0.427687,0.9150,0.0197,200,42,
VY,270000.0,1420.0,20000000000.0,0.0,19.0,2.9,42.31,3500.0,VALID,33.471590589602535,75475.84165861145,21.27707067785716,0.12279246815275159,0.12574872666172668,18.0071,blind_harmonic_sum,0.804701,0.4800,0.0353,200,42,
VY,270000.0,1420.0,20000000000.0,0.0,19.0,2.9,42.31,3500.0,VALID,33.471590589602535,75475.84165861145,21.27707067785716,0.12279246815275159,0.12574872666172668,18.0071,oracle_single_freq,0.093194,1.0000,0.0000,200,42,
VY,270000.0,1420.0,20000000000.0,0.5,19.0,0.5,38.49,3500.0,VALID,29.651590589602534,75475.84165861145,17.95707067785716,2.6131944602845945,1.3947283392618064,18.0071,global_max,0.427687,1.0000,0.0000,200,42,
VY,270000.0,1420.0,20000000000.0,0.5,19.0,0.5,38.49,3500.0,VALID,29.651590589602534,75475.84165861145,17.95707067785716,2.6131944602845945,1.3947283392618064,18.0071,blind_harmonic_sum,0.804701,0.8900,0.0221,200,42,
VY,270000.0,1420.0,20000000000.0,0.5,19.0,0.5,38.49,3500.0,VALID,29.651590589602534,75475.84165861145,17.95707067785716,2.6131944602845945,1.3947283392618064,18.0071,oracle_single_freq,0.093194,1.0000,0.0000,200,42,
VY,270000.0,1420.0,20000000000.0,0.5,19.0,1.0,40.0,3500.0,VALID,31.161590589602532,75475.84165861145,19.46707067785716,0.6503868156574326,0.5439643638940522,18.0071,global_max,0.427687,1.0000,0.0000,200,42,
VY,270000.0,1420.0,20000000000.0,0.5,19.0,1.0,40.0,3500.0,VALID,31.161590589602532,75475.84165861145,19.46707067785716,0.6503868156574326,0.5439643638940522,18.0071,blind_harmonic_sum,0.804701,0.8650,0.0242,200,42,
VY,270000.0,1420.0,20000000000.0,0.5,19.0,1.0,40.0,3500.0,VALID,31.161590589602532,75475.84165861145,19.46707067785716,0.6503868156574326,0.5439643638940522,18.0071,oracle_single_freq,0.093194,1.0000,0.0000,200,42,
VY,270000.0,1420.0,20000000000.0,0.5,19.0,2.0,41.51,3500.0,VALID,32.67159058960253,75475.84165861145,20.977070677857157,0.1618719985863384,0.16289571305819747,18.0071,global_max,0.427687,0.9750,0.0110,200,42,
VY,270000.0,1420.0,20000000000.0,0.5,19.0,2.0,41.51,3500.0,VALID,32.67159058960253,75475.84165861145,20.977070677857157,0.1618719985863384,0.16289571305819747,18.0071,blind_harmonic_sum,0.804701,0.6850,0.0328,200,42,
VY,270000.0,1420.0,20000000000.0,0.5,19.0,2.0,41.51,3500.0,VALID,32.67159058960253,75475.84165861145,20.977070677857157,0.1618719985863384,0.16289571305819747,18.0071,oracle_single_freq,0.093194,1.0000,0.0000,200,42,
VY,270000.0,1420.0,20000000000.0,0.5,19.0,2.9,42.31,3500.0,VALID,33.471590589602535,75475.84165861145,21.77707067785716,0.07747680962782885,0.08101982919549708,18.0071,global_max,0.427687,0.7400,0.0310,200,42,
VY,270000.0,1420.0,20000000000.0,0.5,19.0,2.9,42.31,3500.0,VALID,33.471590589602535,75475.84165861145,21.77707067785716,0.07747680962782885,0.08101982919549708,18.0071,blind_harmonic_sum,0.804701,0.3150,0.0328,200,42,
VY,270000.0,1420.0,20000000000.0,0.5,19.0,2.9,42.31,3500.0,VALID,33.471590589602535,75475.84165861145,21.77707067785716,0.07747680962782885,0.08101982919549708,18.0071,oracle_single_freq,0.093194,1.0000,0.0000,200,42,
VY,270000.0,1420.0,20000000000.0,1.0,19.0,0.5,38.49,3500.0,VALID,29.651590589602534,75475.84165861145,18.45707067785716,1.6488142372715193,1.0576287551647727,18.0071,global_max,0.427687,1.0000,0.0000,200,42,
VY,270000.0,1420.0,20000000000.0,1.0,19.0,0.5,38.49,3500.0,VALID,29.651590589602534,75475.84165861145,18.45707067785716,1.6488142372715193,1.0576287551647727,18.0071,blind_harmonic_sum,0.804701,0.9150,0.0197,200,42,
VY,270000.0,1420.0,20000000000.0,1.0,19.0,0.5,38.49,3500.0,VALID,29.651590589602534,75475.84165861145,18.45707067785716,1.6488142372715193,1.0576287551647727,18.0071,oracle_single_freq,0.093194,1.0000,0.0000,200,42,
VY,270000.0,1420.0,20000000000.0,1.0,19.0,1.0,40.0,3500.0,VALID,31.161590589602532,75475.84165861145,19.96707067785716,0.4103663380921426,0.3733298347367909,18.0071,global_max,0.427687,1.0000,0.0000,200,42,
VY,270000.0,1420.0,20000000000.0,1.0,19.0,1.0,40.0,3500.0,VALID,31.161590589602532,75475.84165861145,19.96707067785716,0.4103663380921426,0.3733298347367909,18.0071,blind_harmonic_sum,0.804701,0.8350,0.0262,200,42,
VY,270000.0,1420.0,20000000000.0,1.0,19.0,1.0,40.0,3500.0,VALID,31.161590589602532,75475.84165861145,19.96707067785716,0.4103663380921426,0.3733298347367909,18.0071,oracle_single_freq,0.093194,1.0000,0.0000,200,42,
VY,270000.0,1420.0,20000000000.0,1.0,19.0,2.0,41.51,3500.0,VALID,32.67159058960253,75475.84165861145,21.477070677857157,0.10213432637373769,0.10558632215085238,18.0071,global_max,0.427687,0.9250,0.0186,200,42,
VY,270000.0,1420.0,20000000000.0,1.0,19.0,2.0,41.51,3500.0,VALID,32.67159058960253,75475.84165861145,21.477070677857157,0.10213432637373769,0.10558632215085238,18.0071,blind_harmonic_sum,0.804701,0.5150,0.0353,200,42,
VY,270000.0,1420.0,20000000000.0,1.0,19.0,2.0,41.51,3500.0,VALID,32.67159058960253,75475.84165861145,21.477070677857157,0.10213432637373769,0.10558632215085238,18.0071,oracle_single_freq,0.093194,1.0000,0.0000,200,42,
VY,270000.0,1420.0,20000000000.0,1.0,19.0,2.9,42.31,3500.0,VALID,33.471590589602535,75475.84165861145,22.27707067785716,0.048884562061572344,0.05181923330948416,18.0071,global_max,0.427687,0.2050,0.0285,200,42,
VY,270000.0,1420.0,20000000000.0,1.0,19.0,2.9,42.31,3500.0,VALID,33.471590589602535,75475.84165861145,22.27707067785716,0.048884562061572344,0.05181923330948416,18.0071,blind_harmonic_sum,0.804701,0.1200,0.0230,200,42,
VY,270000.0,1420.0,20000000000.0,1.0,19.0,2.9,42.31,3500.0,VALID,33.471590589602535,75475.84165861145,22.27707067785716,0.048884562061572344,0.05181923330948416,18.0071,oracle_single_freq,0.093194,0.9900,0.0070,200,42,
VY,270000.0,1420.0,20000000000.0,2.0,19.0,0.5,38.49,3500.0,VALID,29.651590589602534,75475.84165861145,19.45707067785716,0.6564047707684872,0.5479161817121779,18.0071,global_max,0.427687,1.0000,0.0000,200,42,
VY,270000.0,1420.0,20000000000.0,2.0,19.0,0.5,38.49,3500.0,VALID,29.651590589602534,75475.84165861145,19.45707067785716,0.6564047707684872,0.5479161817121779,18.0071,blind_harmonic_sum,0.804701,0.8600,0.0245,200,42,
VY,270000.0,1420.0,20000000000.0,2.0,19.0,0.5,38.49,3500.0,VALID,29.651590589602534,75475.84165861145,19.45707067785716,0.6564047707684872,0.5479161817121779,18.0071,oracle_single_freq,0.093194,1.0000,0.0000,200,42,
VY,270000.0,1420.0,20000000000.0,2.0,19.0,1.0,40.0,3500.0,VALID,31.161590589602532,75475.84165861145,20.96707067785716,0.16336978174826275,0.16429444728398357,18.0071,global_max,0.427687,0.9750,0.0110,200,42,
VY,270000.0,1420.0,20000000000.0,2.0,19.0,1.0,40.0,3500.0,VALID,31.161590589602532,75475.84165861145,20.96707067785716,0.16336978174826275,0.16429444728398357,18.0071,blind_harmonic_sum,0.804701,0.6700,0.0332,200,42,
VY,270000.0,1420.0,20000000000.0,2.0,19.0,1.0,40.0,3500.0,VALID,31.161590589602532,75475.84165861145,20.96707067785716,0.16336978174826275,0.16429444728398357,18.0071,oracle_single_freq,0.093194,1.0000,0.0000,200,42,
VY,270000.0,1420.0,20000000000.0,2.0,19.0,2.0,41.51,3500.0,VALID,32.67159058960253,75475.84165861145,22.477070677857157,0.040660407689036136,0.043272579953688266,18.0071,global_max,0.427687,0.0850,0.0197,200,42,
VY,270000.0,1420.0,20000000000.0,2.0,19.0,2.0,41.51,3500.0,VALID,32.67159058960253,75475.84165861145,22.477070677857157,0.040660407689036136,0.043272579953688266,18.0071,blind_harmonic_sum,0.804701,0.0600,0.0168,200,42,
VY,270000.0,1420.0,20000000000.0,2.0,19.0,2.0,41.51,3500.0,VALID,32.67159058960253,75475.84165861145,22.477070677857157,0.040660407689036136,0.043272579953688266,18.0071,oracle_single_freq,0.093194,0.9750,0.0110,200,42,
VY,270000.0,1420.0,20000000000.0,2.0,19.0,2.9,42.31,3500.0,VALID,33.471590589602535,75475.84165861145,23.27707067785716,0.019461294686079406,0.02092685453171758,18.0071,global_max,0.427687,0.0050,0.0050,200,42,
VY,270000.0,1420.0,20000000000.0,2.0,19.0,2.9,42.31,3500.0,VALID,33.471590589602535,75475.84165861145,23.27707067785716,0.019461294686079406,0.02092685453171758,18.0071,blind_harmonic_sum,0.804701,0.0000,0.0000,200,42,
VY,270000.0,1420.0,20000000000.0,2.0,19.0,2.9,42.31,3500.0,VALID,33.471590589602535,75475.84165861145,23.27707067785716,0.019461294686079406,0.02092685453171758,18.0071,oracle_single_freq,0.093194,0.5350,0.0353,200,42,
