comparison,template,detector,x_label,x_value,A_mag,recovery_fraction,binom_se,n_inj,seed,threshold,P_inject_days,fwhm_days
amplitude_sweep,gaussian,global_max,A_mag,0.020000,0.020000,0.0150,0.0086,200,42,0.427687,18.0071,4.0
amplitude_sweep,gaussian,global_max,A_mag,0.034899,0.034899,0.0350,0.0130,200,42,0.427687,18.0071,4.0
amplitude_sweep,gaussian,global_max,A_mag,0.060898,0.060898,0.3600,0.0339,200,42,0.427687,18.0071,4.0
amplitude_sweep,gaussian,global_max,A_mag,0.106266,0.106266,0.8850,0.0226,200,42,0.427687,18.0071,4.0
amplitude_sweep,gaussian,global_max,A_mag,0.185431,0.185431,0.9750,0.0110,200,42,0.427687,18.0071,4.0
amplitude_sweep,gaussian,global_max,A_mag,0.323571,0.323571,1.0000,0.0000,200,42,0.427687,18.0071,4.0
amplitude_sweep,gaussian,global_max,A_mag,0.564622,0.564622,1.0000,0.0000,200,42,0.427687,18.0071,4.0
amplitude_sweep,gaussian,global_max,A_mag,0.985248,0.985248,1.0000,0.0000,200,42,0.427687,18.0071,4.0
amplitude_sweep,gaussian,global_max,A_mag,1.719227,1.719227,1.0000,0.0000,200,42,0.427687,18.0071,4.0
amplitude_sweep,gaussian,global_max,A_mag,3.000000,3.000000,1.0000,0.0000,200,42,0.427687,18.0071,4.0
amplitude_sweep,gaussian,oracle_single_freq,A_mag,0.020000,0.020000,0.5150,0.0353,200,42,,18.0071,4.0
amplitude_sweep,gaussian,oracle_single_freq,A_mag,0.034899,0.034899,0.9300,0.0180,200,42,,18.0071,4.0
amplitude_sweep,gaussian,oracle_single_freq,A_mag,0.060898,0.060898,1.0000,0.0000,200,42,,18.0071,4.0
amplitude_sweep,gaussian,oracle_single_freq,A_mag,0.106266,0.106266,1.0000,0.0000,200,42,,18.0071,4.0
amplitude_sweep,gaussian,oracle_single_freq,A_mag,0.185431,0.185431,1.0000,0.0000,200,42,,18.0071,4.0
amplitude_sweep,gaussian,oracle_single_freq,A_mag,0.323571,0.323571,1.0000,0.0000,200,42,,18.0071,4.0
amplitude_sweep,gaussian,oracle_single_freq,A_mag,0.564622,0.564622,1.0000,0.0000,200,42,,18.0071,4.0
amplitude_sweep,gaussian,oracle_single_freq,A_mag,0.985248,0.985248,1.0000,0.0000,200,42,,18.0071,4.0
amplitude_sweep,gaussian,oracle_single_freq,A_mag,1.719227,1.719227,1.0000,0.0000,200,42,,18.0071,4.0
amplitude_sweep,gaussian,oracle_single_freq,A_mag,3.000000,3.000000,1.0000,0.0000,200,42,,18.0071,4.0
amplitude_sweep,gaussian,blind_harmonic_sum,A_mag,0.020000,0.020000,0.0100,0.0070,200,42,0.804701,18.0071,4.0
amplitude_sweep,gaussian,blind_harmonic_sum,A_mag,0.034899,0.034899,0.0250,0.0110,200,42,0.804701,18.0071,4.0
amplitude_sweep,gaussian,blind_harmonic_sum,A_mag,0.060898,0.060898,0.1600,0.0259,200,42,0.804701,18.0071,4.0
amplitude_sweep,gaussian,blind_harmonic_sum,A_mag,0.106266,0.106266,0.5000,0.0354,200,42,0.804701,18.0071,4.0
amplitude_sweep,gaussian,blind_harmonic_sum,A_mag,0.185431,0.185431,0.6900,0.0327,200,42,0.804701,18.0071,4.0
amplitude_sweep,gaussian,blind_harmonic_sum,A_mag,0.323571,0.323571,0.8650,0.0242,200,42,0.804701,18.0071,4.0
amplitude_sweep,gaussian,blind_harmonic_sum,A_mag,0.564622,0.564622,0.8750,0.0234,200,42,0.804701,18.0071,4.0
amplitude_sweep,gaussian,blind_harmonic_sum,A_mag,0.985248,0.985248,0.8800,0.0230,200,42,0.804701,18.0071,4.0
amplitude_sweep,gaussian,blind_harmonic_sum,A_mag,1.719227,1.719227,0.8750,0.0234,200,42,0.804701,18.0071,4.0
amplitude_sweep,gaussian,blind_harmonic_sum,A_mag,3.000000,3.000000,0.8900,0.0221,200,42,0.804701,18.0071,4.0
amplitude_sweep,sawtooth,global_max,A_mag,0.020000,0.020000,0.0150,0.0086,200,42,0.427687,18.0071,4.0
amplitude_sweep,sawtooth,global_max,A_mag,0.034899,0.034899,0.0200,0.0099,200,42,0.427687,18.0071,4.0
amplitude_sweep,sawtooth,global_max,A_mag,0.060898,0.060898,0.3100,0.0327,200,42,0.427687,18.0071,4.0
amplitude_sweep,sawtooth,global_max,A_mag,0.106266,0.106266,0.8700,0.0238,200,42,0.427687,18.0071,4.0
amplitude_sweep,sawtooth,global_max,A_mag,0.185431,0.185431,0.9850,0.0086,200,42,0.427687,18.0071,4.0
amplitude_sweep,sawtooth,global_max,A_mag,0.323571,0.323571,1.0000,0.0000,200,42,0.427687,18.0071,4.0
amplitude_sweep,sawtooth,global_max,A_mag,0.564622,0.564622,1.0000,0.0000,200,42,0.427687,18.0071,4.0
amplitude_sweep,sawtooth,global_max,A_mag,0.985248,0.985248,1.0000,0.0000,200,42,0.427687,18.0071,4.0
amplitude_sweep,sawtooth,global_max,A_mag,1.719227,1.719227,1.0000,0.0000,200,42,0.427687,18.0071,4.0
amplitude_sweep,sawtooth,global_max,A_mag,3.000000,3.000000,1.0000,0.0000,200,42,0.427687,18.0071,4.0
amplitude_sweep,sawtooth,oracle_single_freq,A_mag,0.020000,0.020000,0.4550,0.0352,200,42,,18.0071,4.0
amplitude_sweep,sawtooth,oracle_single_freq,A_mag,0.034899,0.034899,0.8550,0.0249,200,42,,18.0071,4.0
amplitude_sweep,sawtooth,oracle_single_freq,A_mag,0.060898,0.060898,1.0000,0.0000,200,42,,18.0071,4.0
amplitude_sweep,sawtooth,oracle_single_freq,A_mag,0.106266,0.106266,1.0000,0.0000,200,42,,18.0071,4.0
amplitude_sweep,sawtooth,oracle_single_freq,A_mag,0.185431,0.185431,1.0000,0.0000,200,42,,18.0071,4.0
amplitude_sweep,sawtooth,oracle_single_freq,A_mag,0.323571,0.323571,1.0000,0.0000,200,42,,18.0071,4.0
amplitude_sweep,sawtooth,oracle_single_freq,A_mag,0.564622,0.564622,1.0000,0.0000,200,42,,18.0071,4.0
amplitude_sweep,sawtooth,oracle_single_freq,A_mag,0.985248,0.985248,1.0000,0.0000,200,42,,18.0071,4.0
amplitude_sweep,sawtooth,oracle_single_freq,A_mag,1.719227,1.719227,1.0000,0.0000,200,42,,18.0071,4.0
amplitude_sweep,sawtooth,oracle_single_freq,A_mag,3.000000,3.000000,1.0000,0.0000,200,42,,18.0071,4.0
amplitude_sweep,sawtooth,blind_harmonic_sum,A_mag,0.020000,0.020000,0.0150,0.0086,200,42,0.804701,18.0071,4.0
amplitude_sweep,sawtooth,blind_harmonic_sum,A_mag,0.034899,0.034899,0.0050,0.0050,200,42,0.804701,18.0071,4.0
amplitude_sweep,sawtooth,blind_harmonic_sum,A_mag,0.060898,0.060898,0.1000,0.0212,200,42,0.804701,18.0071,4.0
amplitude_sweep,sawtooth,blind_harmonic_sum,A_mag,0.106266,0.106266,0.5700,0.0350,200,42,0.804701,18.0071,4.0
amplitude_sweep,sawtooth,blind_harmonic_sum,A_mag,0.185431,0.185431,0.7050,0.0322,200,42,0.804701,18.0071,4.0
amplitude_sweep,sawtooth,blind_harmonic_sum,A_mag,0.323571,0.323571,0.8350,0.0262,200,42,0.804701,18.0071,4.0
amplitude_sweep,sawtooth,blind_harmonic_sum,A_mag,0.564622,0.564622,0.8550,0.0249,200,42,0.804701,18.0071,4.0
amplitude_sweep,sawtooth,blind_harmonic_sum,A_mag,0.985248,0.985248,0.9150,0.0197,200,42,0.804701,18.0071,4.0
amplitude_sweep,sawtooth,blind_harmonic_sum,A_mag,1.719227,1.719227,0.9300,0.0180,200,42,0.804701,18.0071,4.0
amplitude_sweep,sawtooth,blind_harmonic_sum,A_mag,3.000000,3.000000,0.9100,0.0202,200,42,0.804701,18.0071,4.0
reach_row_RGB_Av0,gaussian,global_max,D_L_Gpc,0.1,1.784062,1.0000,0.0000,200,42,0.427687,18.0071,4.0
reach_row_RGB_Av0,gaussian,global_max,D_L_Gpc,0.2,0.773144,1.0000,0.0000,200,42,0.427687,18.0071,4.0
reach_row_RGB_Av0,gaussian,global_max,D_L_Gpc,0.35,0.318285,1.0000,0.0000,200,42,0.427687,18.0071,4.0
reach_row_RGB_Av0,gaussian,global_max,D_L_Gpc,0.5,0.168245,0.9600,0.0139,200,42,0.427687,18.0071,4.0
reach_row_RGB_Av0,gaussian,global_max,D_L_Gpc,0.7,0.088356,0.7850,0.0290,200,42,0.427687,18.0071,4.0
reach_row_RGB_Av0,gaussian,global_max,D_L_Gpc,0.85,0.060787,0.3900,0.0345,200,42,0.427687,18.0071,4.0
reach_row_RGB_Av0,gaussian,global_max,D_L_Gpc,1,0.044373,0.0900,0.0202,200,42,0.427687,18.0071,4.0
reach_row_RGB_Av0,gaussian,global_max,D_L_Gpc,2,0.011215,0.0000,0.0000,200,42,0.427687,18.0071,4.0
reach_row_RGB_Av0,gaussian,global_max,D_L_Gpc,2.9,0.005382,0.0150,0.0086,200,42,0.427687,18.0071,4.0
reach_row_RGB_Av0,gaussian,oracle_single_freq,D_L_Gpc,0.1,1.784062,1.0000,0.0000,200,42,,18.0071,4.0
reach_row_RGB_Av0,gaussian,oracle_single_freq,D_L_Gpc,0.2,0.773144,1.0000,0.0000,200,42,,18.0071,4.0
reach_row_RGB_Av0,gaussian,oracle_single_freq,D_L_Gpc,0.35,0.318285,1.0000,0.0000,200,42,,18.0071,4.0
reach_row_RGB_Av0,gaussian,oracle_single_freq,D_L_Gpc,0.5,0.168245,1.0000,0.0000,200,42,,18.0071,4.0
reach_row_RGB_Av0,gaussian,oracle_single_freq,D_L_Gpc,0.7,0.088356,1.0000,0.0000,200,42,,18.0071,4.0
reach_row_RGB_Av0,gaussian,oracle_single_freq,D_L_Gpc,0.85,0.060787,1.0000,0.0000,200,42,,18.0071,4.0
reach_row_RGB_Av0,gaussian,oracle_single_freq,D_L_Gpc,1,0.044373,0.9850,0.0086,200,42,,18.0071,4.0
reach_row_RGB_Av0,gaussian,oracle_single_freq,D_L_Gpc,2,0.011215,0.1450,0.0249,200,42,,18.0071,4.0
reach_row_RGB_Av0,gaussian,oracle_single_freq,D_L_Gpc,2.9,0.005382,0.0450,0.0147,200,42,,18.0071,4.0
reach_row_RGB_Av0,gaussian,blind_harmonic_sum,D_L_Gpc,0.1,1.784062,0.8750,0.0234,200,42,0.804701,18.0071,4.0
reach_row_RGB_Av0,gaussian,blind_harmonic_sum,D_L_Gpc,0.2,0.773144,0.9050,0.0207,200,42,0.804701,18.0071,4.0
reach_row_RGB_Av0,gaussian,blind_harmonic_sum,D_L_Gpc,0.35,0.318285,0.8250,0.0269,200,42,0.804701,18.0071,4.0
reach_row_RGB_Av0,gaussian,blind_harmonic_sum,D_L_Gpc,0.5,0.168245,0.6750,0.0331,200,42,0.804701,18.0071,4.0
reach_row_RGB_Av0,gaussian,blind_harmonic_sum,D_L_Gpc,0.7,0.088356,0.3450,0.0336,200,42,0.804701,18.0071,4.0
reach_row_RGB_Av0,gaussian,blind_harmonic_sum,D_L_Gpc,0.85,0.060787,0.1900,0.0277,200,42,0.804701,18.0071,4.0
reach_row_RGB_Av0,gaussian,blind_harmonic_sum,D_L_Gpc,1,0.044373,0.0650,0.0174,200,42,0.804701,18.0071,4.0
reach_row_RGB_Av0,gaussian,blind_harmonic_sum,D_L_Gpc,2,0.011215,0.0000,0.0000,200,42,0.804701,18.0071,4.0
reach_row_RGB_Av0,gaussian,blind_harmonic_sum,D_L_Gpc,2.9,0.005382,0.0050,0.0050,200,42,0.804701,18.0071,4.0
reach_row_RGB_Av0,sawtooth,global_max,D_L_Gpc,0.1,1.784062,1.0000,0.0000,200,42,0.427687,18.0071,4.0
reach_row_RGB_Av0,sawtooth,global_max,D_L_Gpc,0.2,0.773144,1.0000,0.0000,200,42,0.427687,18.0071,4.0
reach_row_RGB_Av0,sawtooth,global_max,D_L_Gpc,0.35,0.318285,1.0000,0.0000,200,42,0.427687,18.0071,4.0
reach_row_RGB_Av0,sawtooth,global_max,D_L_Gpc,0.5,0.168245,0.9900,0.0070,200,42,0.427687,18.0071,4.0
reach_row_RGB_Av0,sawtooth,global_max,D_L_Gpc,0.7,0.088356,0.7000,0.0324,200,42,0.427687,18.0071,4.0
reach_row_RGB_Av0,sawtooth,global_max,D_L_Gpc,0.85,0.060787,0.2750,0.0316,200,42,0.427687,18.0071,4.0
reach_row_RGB_Av0,sawtooth,global_max,D_L_Gpc,1,0.044373,0.0450,0.0147,200,42,0.427687,18.0071,4.0
reach_row_RGB_Av0,sawtooth,global_max,D_L_Gpc,2,0.011215,0.0050,0.0050,200,42,0.427687,18.0071,4.0
reach_row_RGB_Av0,sawtooth,global_max,D_L_Gpc,2.9,0.005382,0.0250,0.0110,200,42,0.427687,18.0071,4.0
reach_row_RGB_Av0,sawtooth,oracle_single_freq,D_L_Gpc,0.1,1.784062,1.0000,0.0000,200,42,,18.0071,4.0
reach_row_RGB_Av0,sawtooth,oracle_single_freq,D_L_Gpc,0.2,0.773144,1.0000,0.0000,200,42,,18.0071,4.0
reach_row_RGB_Av0,sawtooth,oracle_single_freq,D_L_Gpc,0.35,0.318285,1.0000,0.0000,200,42,,18.0071,4.0
reach_row_RGB_Av0,sawtooth,oracle_single_freq,D_L_Gpc,0.5,0.168245,1.0000,0.0000,200,42,,18.0071,4.0
reach_row_RGB_Av0,sawtooth,oracle_single_freq,D_L_Gpc,0.7,0.088356,1.0000,0.0000,200,42,,18.0071,4.0
reach_row_RGB_Av0,sawtooth,oracle_single_freq,D_L_Gpc,0.85,0.060787,0.9950,0.0050,200,42,,18.0071,4.0
reach_row_RGB_Av0,sawtooth,oracle_single_freq,D_L_Gpc,1,0.044373,0.9750,0.0110,200,42,,18.0071,4.0
reach_row_RGB_Av0,sawtooth,oracle_single_freq,D_L_Gpc,2,0.011215,0.1150,0.0226,200,42,,18.0071,4.0
reach_row_RGB_Av0,sawtooth,oracle_single_freq,D_L_Gpc,2.9,0.005382,0.0250,0.0110,200,42,,18.0071,4.0
reach_row_RGB_Av0,sawtooth,blind_harmonic_sum,D_L_Gpc,0.1,1.784062,0.9400,0.0168,200,42,0.804701,18.0071,4.0
reach_row_RGB_Av0,sawtooth,blind_harmonic_sum,D_L_Gpc,0.2,0.773144,0.9300,0.0180,200,42,0.804701,18.0071,4.0
reach_row_RGB_Av0,sawtooth,blind_harmonic_sum,D_L_Gpc,0.35,0.318285,0.8300,0.0266,200,42,0.804701,18.0071,4.0
reach_row_RGB_Av0,sawtooth,blind_harmonic_sum,D_L_Gpc,0.5,0.168245,0.7650,0.0300,200,42,0.804701,18.0071,4.0
reach_row_RGB_Av0,sawtooth,blind_harmonic_sum,D_L_Gpc,0.7,0.088356,0.4000,0.0346,200,42,0.804701,18.0071,4.0
reach_row_RGB_Av0,sawtooth,blind_harmonic_sum,D_L_Gpc,0.85,0.060787,0.1300,0.0238,200,42,0.804701,18.0071,4.0
reach_row_RGB_Av0,sawtooth,blind_harmonic_sum,D_L_Gpc,1,0.044373,0.0300,0.0121,200,42,0.804701,18.0071,4.0
reach_row_RGB_Av0,sawtooth,blind_harmonic_sum,D_L_Gpc,2,0.011215,0.0000,0.0000,200,42,0.804701,18.0071,4.0
reach_row_RGB_Av0,sawtooth,blind_harmonic_sum,D_L_Gpc,2.9,0.005382,0.0050,0.0050,200,42,0.804701,18.0071,4.0
