source,L_Lsun,R_Rsun,M_total_Msun,A_V,m_nuc,D_L_Gpc,DM,R_max_Rsun,validity,m_unlensed,mu_cusp,m_lensed,flux_ratio,delta_m_peak,P_inject_days,detector,threshold,recovery_fraction,binom_se,n_inj,seed,aperture_note
RGB,2000.0,100.0,10000000000.0,0.0,19.0,0.1,35.0,3118.1455134911876,VALID,31.48742501084005,303962.00952271017,17.78037674331216,3.075029614572246,1.5253269231185629,18.0071,global_max,0.427687,1.0000,0.0000,200,42,aperture-favourable: fixed m_nuc=19 understates nuclear light at this distance
RGB,2000.0,100.0,10000000000.0,0.0,19.0,0.1,35.0,3118.1455134911876,VALID,31.48742501084005,303962.00952271017,17.78037674331216,3.075029614572246,1.5253269231185629,18.0071,blind_harmonic_sum,0.804701,0.8900,0.0221,200,42,aperture-favourable: fixed m_nuc=19 understates nuclear light at this distance
RGB,2000.0,100.0,10000000000.0,0.0,19.0,0.1,35.0,3118.1455134911876,VALID,31.48742501084005,303962.00952271017,17.78037674331216,3.075029614572246,1.5253269231185629,18.0071,oracle_single_freq,0.093194,1.0000,0.0000,200,42,aperture-favourable: fixed m_nuc=19 understates nuclear light at this distance
RGB,2000.0,100.0,10000000000.0,0.0,19.0,0.2,36.51,3118.1455134911876,VALID,32.99742501084005,303962.00952271017,19.29037674331216,0.7653309960163228,0.617065366754624,18.0071,global_max,0.427687,1.0000,0.0000,200,42,aperture-favourable: fixed m_nuc=19 understates nuclear light at this distance
RGB,2000.0,100.0,10000000000.0,0.0,19.0,0.2,36.51,3118.1455134911876,VALID,32.99742501084005,303962.00952271017,19.29037674331216,0.7653309960163228,0.617065366754624,18.0071,blind_harmonic_sum,0.804701,0.8650,0.0242,200,42,aperture-favourable: fixed m_nuc=19 understates nuclear light at this distance
RGB,2000.0,100.0,10000000000.0,0.0,19.0,0.2,36.51,3118.1455134911876,VALID,32.99742501084005,303962.00952271017,19.29037674331216,0.7653309960163228,0.617065366754624,18.0071,oracle_single_freq,0.093194,1.0000,0.0000,200,42,aperture-favourable: fixed m_nuc=19 understates nuclear light at this distance
RGB,2000.0,100.0,10000000000.0,0.0,19.0,0.35,37.72,3118.1455134911876,VALID,34.20742501084005,303962.00952271017,20.50037674331216,0.2511014974665306,0.24323135976826987,18.0071,global_max,0.427687,0.9900,0.0070,200,42,
RGB,2000.0,100.0,10000000000.0,0.0,19.0,0.35,37.72,3118.1455134911876,VALID,34.20742501084005,303962.00952271017,20.50037674331216,0.2511014974665306,0.24323135976826987,18.0071,blind_harmonic_sum,0.804701,0.7900,0.0288,200,42,
RGB,2000.0,100.0,10000000000.0,0.0,19.0,0.35,37.72,3118.1455134911876,VALID,34.20742501084005,303962.00952271017,20.50037674331216,0.2511014974665306,0.24323135976826987,18.0071,oracle_single_freq,0.093194,1.0000,0.0000,200,42,
RGB,2000.0,100.0,10000000000.0,0.0,19.0,0.5,38.49,3118.1455134911876,VALID,34.97742501084005,303962.00952271017,21.270376743312163,0.12355186422234837,0.1264828116602179,18.0071,global_max,0.427687,0.9450,0.0161,200,42,
RGB,2000.0,100.0,10000000000.0,0.0,19.0,0.5,38.49,3118.1455134911876,VALID,34.97742501084005,303962.00952271017,21.270376743312163,0.12355186422234837,0.1264828116602179,18.0071,blind_harmonic_sum,0.804701,0.5200,0.0353,200,42,
RGB,2000.0,100.0,10000000000.0,0.0,19.0,0.5,38.49,3118.1455134911876,VALID,34.97742501084005,303962.00952271017,21.270376743312163,0.12355186422234837,0.1264828116602179,18.0071,oracle_single_freq,0.093194,1.0000,0.0000,200,42,
RGB,2000.0,100.0,10000000000.0,0.5,19.0,0.1,35.0,3118.1455134911876,VALID,31.48742501084005,303962.00952271017,18.28037674331216,1.9402125198084565,1.1709468063402775,18.0071,global_max,0.427687,1.0000,0.0000,200,42,aperture-favourable: fixed m_nuc=19 understates nuclear light at this distance
RGB,2000.0,100.0,10000000000.0,0.5,19.0,0.1,35.0,3118.1455134911876,VALID,31.48742501084005,303962.00952271017,18.28037674331216,1.9402125198084565,1.1709468063402775,18.0071,blind_harmonic_sum,0.804701,0.8900,0.0221,200,42,aperture-favourable: fixed m_nuc=19 understates nuclear light at this distance
RGB,2000.0,100.0,10000000000.0,0.5,19.0,0.1,35.0,3118.1455134911876,VALID,31.48742501084005,303962.00952271017,18.28037674331216,1.9402125198084565,1.1709468063402775,18.0071,oracle_single_freq,0.093194,1.0000,0.0000,200,42,aperture-favourable: fixed m_nuc=19 understates nuclear light at this distance
RGB,2000.0,100.0,10000000000.0,0.5,19.0,0.2,36.51,3118.1455134911876,VALID,32.99742501084005,303962.00952271017,19.79037674331216,0.4828912128948404,0.4277732292694786,18.0071,global_max,0.427687,1.0000,0.0000,200,42,aperture-favourable: fixed m_nuc=19 understates nuclear light at this distance
RGB,2000.0,100.0,10000000000.0,0.5,19.0,0.2,36.51,3118.1455134911876,VALID,32.99742501084005,303962.00952271017,19.79037674331216,0.4828912128948404,0.4277732292694786,18.0071,blind_harmonic_sum,0.804701,0.8700,0.0238,200,42,aperture-favourable: fixed m_nuc=19 understates nuclear light at this distance
RGB,2000.0,100.0,10000000000.0,0.5,19.0,0.2,36.51,3118.1455134911876,VALID,32.99742501084005,303962.00952271017,19.79037674331216,0.4828912128948404,0.4277732292694786,18.0071,oracle_single_freq,0.093194,1.0000,0.0000,200,42,aperture-favourable: fixed m_nuc=19 understates nuclear light at this distance
RGB,2000.0,100.0,10000000000.0,0.5,19.0,0.35,37.72,3118.1455134911876,VALID,34.20742501084005,303962.00952271017,21.00037674331216,0.15843433403648208,0.15967855199631387,18.0071,global_max,0.427687,0.9650,0.0130,200,42,
RGB,2000.0,100.0,10000000000.0,0.5,19.0,0.35,37.72,3118.1455134911876,VALID,34.20742501084005,303962.00952271017,21.00037674331216,0.15843433403648208,0.15967855199631387,18.0071,blind_harmonic_sum,0.804701,0.6600,0.0335,200,42,
RGB,2000.0,100.0,10000000000.0,0.5,19.0,0.35,37.72,3118.1455134911876,VALID,34.20742501084005,303962.00952271017,21.00037674331216,0.15843433403648208,0.15967855199631387,18.0071,oracle_single_freq,0.093194,1.0000,0.0000,200,42,
RGB,2000.0,100.0,10000000000.0,0.5,19.0,0.5,38.49,3118.1455134911876,VALID,34.97742501084005,303962.00952271017,21.770376743312163,0.07795595615531031,0.08150254129777026,18.0071,global_max,0.427687,0.7000,0.0324,200,42,
RGB,2000.0,100.0,10000000000.0,0.5,19.0,0.5,38.49,3118.1455134911876,VALID,34.97742501084005,303962.00952271017,21.770376743312163,0.07795595615531031,0.08150254129777026,18.0071,blind_harmonic_sum,0.804701,0.2500,0.0306,200,42,
RGB,2000.0,100.0,10000000000.0,0.5,19.0,0.5,38.49,3118.1455134911876,VALID,34.97742501084005,303962.00952271017,21.770376743312163,0.07795595615531031,0.08150254129777026,18.0071,oracle_single_freq,0.093194,1.0000,0.0000,200,42,
RGB,2000.0,100.0,10000000000.0,1.0,19.0,0.1,35.0,3118.1455134911876,VALID,31.48742501084005,303962.00952271017,18.78037674331216,1.224191339225568,0.8679303632951035,18.0071,global_max,0.427687,1.0000,0.0000,200,42,aperture-favourable: fixed m_nuc=19 understates nuclear light at this distance
RGB,2000.0,100.0,10000000000.0,1.0,19.0,0.1,35.0,3118.1455134911876,VALID,31.48742501084005,303962.00952271017,18.78037674331216,1.224191339225568,0.8679303632951035,18.0071,blind_harmonic_sum,0.804701,0.8550,0.0249,200,42,aperture-favourable: fixed m_nuc=19 understates nuclear light at this distance
RGB,2000.0,100.0,10000000000.0,1.0,19.0,0.1,35.0,3118.1455134911876,VALID,31.48742501084005,303962.00952271017,18.78037674331216,1.224191339225568,0.8679303632951035,18.0071,oracle_single_freq,0.093194,1.0000,0.0000,200,42,aperture-favourable: fixed m_nuc=19 understates nuclear light at this distance
RGB,2000.0,100.0,10000000000.0,1.0,19.0,0.2,36.51,3118.1455134911876,VALID,32.99742501084005,303962.00952271017,20.29037674331216,0.30468375736094816,0.2887631391915497,18.0071,global_max,0.427687,0.9950,0.0050,200,42,aperture-favourable: fixed m_nuc=19 understates nuclear light at this distance
RGB,2000.0,100.0,10000000000.0,1.0,19.0,0.2,36.51,3118.1455134911876,VALID,32.99742501084005,303962.00952271017,20.29037674331216,0.30468375736094816,0.2887631391915497,18.0071,blind_harmonic_sum,0.804701,0.8000,0.0283,200,42,aperture-favourable: fixed m_nuc=19 understates nuclear light at this distance
RGB,2000.0,100.0,10000000000.0,1.0,19.0,0.2,36.51,3118.1455134911876,VALID,32.99742501084005,303962.00952271017,20.29037674331216,0.30468375736094816,0.2887631391915497,18.0071,oracle_single_freq,0.093194,1.0000,0.0000,200,42,aperture-favourable: fixed m_nuc=19 understates nuclear light at this distance
RGB,2000.0,100.0,10000000000.0,1.0,19.0,0.35,37.72,3118.1455134911876,VALID,34.20742501084005,303962.00952271017,21.50037674331216,0.09996530667814661,0.10344746890499745,18.0071,global_max,0.427687,0.9100,0.0202,200,42,
RGB,2000.0,100.0,10000000000.0,1.0,19.0,0.35,37.72,3118.1455134911876,VALID,34.20742501084005,303962.00952271017,21.50037674331216,0.09996530667814661,0.10344746890499745,18.0071,blind_harmonic_sum,0.804701,0.4450,0.0351,200,42,
RGB,2000.0,100.0,10000000000.0,1.0,19.0,0.35,37.72,3118.1455134911876,VALID,34.20742501084005,303962.00952271017,21.50037674331216,0.09996530667814661,0.10344746890499745,18.0071,oracle_single_freq,0.093194,1.0000,0.0000,200,42,
RGB,2000.0,100.0,10000000000.0,1.0,19.0,0.5,38.49,3118.1455134911876,VALID,34.97742501084005,303962.00952271017,22.270376743312163,0.049186883082168974,0.05213213102376616,18.0071,global_max,0.427687,0.1950,0.0280,200,42,
RGB,2000.0,100.0,10000000000.0,1.0,19.0,0.5,38.49,3118.1455134911876,VALID,34.97742501084005,303962.00952271017,22.270376743312163,0.049186883082168974,0.05213213102376616,18.0071,blind_harmonic_sum,0.804701,0.0750,0.0186,200,42,
RGB,2000.0,100.0,10000000000.0,1.0,19.0,0.5,38.49,3118.1455134911876,VALID,34.97742501084005,303962.00952271017,22.270376743312163,0.049186883082168974,0.05213213102376616,18.0071,oracle_single_freq,0.093194,0.9900,0.0070,200,42,
RGB,2000.0,100.0,10000000000.0,2.0,19.0,0.1,35.0,3118.1455134911876,VALID,31.48742501084005,303962.00952271017,19.78037674331216,0.48735935027518745,0.4310397699722199,18.0071,global_max,0.427687,1.0000,0.0000,200,42,aperture-favourable: fixed m_nuc=19 understates nuclear light at this distance
RGB,2000.0,100.0,10000000000.0,2.0,19.0,0.1,35.0,3118.1455134911876,VALID,31.48742501084005,303962.00952271017,19.78037674331216,0.48735935027518745,0.4310397699722199,18.0071,blind_harmonic_sum,0.804701,0.8950,0.0217,200,42,aperture-favourable: fixed m_nuc=19 understates nuclear light at this distance
RGB,2000.0,100.0,10000000000.0,2.0,19.0,0.1,35.0,3118.1455134911876,VALID,31.48742501084005,303962.00952271017,19.78037674331216,0.48735935027518745,0.4310397699722199,18.0071,oracle_single_freq,0.093194,1.0000,0.0000,200,42,aperture-favourable: fixed m_nuc=19 understates nuclear light at this distance
RGB,2000.0,100.0,10000000000.0,2.0,19.0,0.2,36.51,3118.1455134911876,VALID,32.99742501084005,303962.00952271017,21.29037674331216,0.12129678855657534,0.12430144578919534,18.0071,global_max,0.427687,0.9350,0.0174,200,42,aperture-favourable: fixed m_nuc=19 understates nuclear light at this distance
RGB,2000.0,100.0,10000000000.0,2.0,19.0,0.2,36.51,3118.1455134911876,VALID,32.99742501084005,303962.00952271017,21.29037674331216,0.12129678855657534,0.12430144578919534,18.0071,blind_harmonic_sum,0.804701,0.5700,0.0350,200,42,aperture-favourable: fixed m_nuc=19 understates nuclear light at this distance
RGB,2000.0,100.0,10000000000.0,2.0,19.0,0.2,36.51,3118.1455134911876,VALID,32.99742501084005,303962.00952271017,21.29037674331216,0.12129678855657534,0.12430144578919534,18.0071,oracle_single_freq,0.093194,1.0000,0.0000,200,42,aperture-favourable: fixed m_nuc=19 understates nuclear light at this distance
RGB,2000.0,100.0,10000000000.0,2.0,19.0,0.35,37.72,3118.1455134911876,VALID,34.20742501084005,303962.00952271017,22.50037674331216,0.03979690539514958,0.042371301421026755,18.0071,global_max,0.427687,0.0750,0.0186,200,42,
RGB,2000.0,100.0,10000000000.0,2.0,19.0,0.35,37.72,3118.1455134911876,VALID,34.20742501084005,303962.00952271017,22.50037674331216,0.03979690539514958,0.042371301421026755,18.0071,blind_harmonic_sum,0.804701,0.0250,0.0110,200,42,
RGB,2000.0,100.0,10000000000.0,2.0,19.0,0.35,37.72,3118.1455134911876,VALID,34.20742501084005,303962.00952271017,22.50037674331216,0.03979690539514958,0.042371301421026755,18.0071,oracle_single_freq,0.093194,0.9450,0.0161,200,42,
RGB,2000.0,100.0,10000000000.0,2.0,19.0,0.5,38.49,3118.1455134911876,VALID,34.97742501084005,303962.00952271017,23.270376743312163,0.019581650852187965,0.021055027454654377,18.0071,global_max,0.427687,0.0050,0.0050,200,42,
RGB,2000.0,100.0,10000000000.0,2.0,19.0,0.5,38.49,3118.1455134911876,VALID,34.97742501084005,303962.00952271017,23.270376743312163,0.019581650852187965,0.021055027454654377,18.0071,blind_harmonic_sum,0.804701,0.0000,0.0000,200,42,
RGB,2000.0,100.0,10000000000.0,2.0,19.0,0.5,38.49,3118.1455134911876,VALID,34.97742501084005,303962.00952271017,23.270376743312163,0.019581650852187965,0.021055027454654377,18.0071,oracle_single_freq,0.093194,0.5350,0.0353,200,42,
RGB,2000.0,100.0,20000000000.0,0.0,19.0,0.1,35.0,3500.0,VALID,31.48742501084005,412356.1774981991,17.449243748081784,4.171598482158446,1.7840619982973671,18.0071,global_max,0.427687,1.0000,0.0000,200,42,aperture-favourable: fixed m_nuc=19 understates nuclear light at this distance
RGB,2000.0,100.0,20000000000.0,0.0,19.0,0.1,35.0,3500.0,VALID,31.48742501084005,412356.1774981991,17.449243748081784,4.171598482158446,1.7840619982973671,18.0071,blind_harmonic_sum,0.804701,0.9250,0.0186,200,42,aperture-favourable: fixed m_nuc=19 understates nuclear light at this distance
RGB,2000.0,100.0,20000000000.0,0.0,19.0,0.1,35.0,3500.0,VALID,31.48742501084005,412356.1774981991,17.449243748081784,4.171598482158446,1.7840619982973671,18.0071,oracle_single_freq,0.093194,1.0000,0.0000,200,42,aperture-favourable: fixed m_nuc=19 understates nuclear light at this distance
RGB,2000.0,100.0,20000000000.0,0.0,19.0,0.2,36.51,3500.0,VALID,32.99742501084005,412356.1774981991,18.959243748081782,1.0382513411255778,0.7731443418814943,18.0071,global_max,0.427687,1.0000,0.0000,200,42,aperture-favourable: fixed m_nuc=19 understates nuclear light at this distance
RGB,2000.0,100.0,20000000000.0,0.0,19.0,0.2,36.51,3500.0,VALID,32.99742501084005,412356.1774981991,18.959243748081782,1.0382513411255778,0.7731443418814943,18.0071,blind_harmonic_sum,0.804701,0.9050,0.0207,200,42,aperture-favourable: fixed m_nuc=19 understates nuclear light at this distance
RGB,2000.0,100.0,20000000000.0,0.0,19.0,0.2,36.51,3500.0,VALID,32.99742501084005,412356.1774981991,18.959243748081782,1.0382513411255778,0.7731443418814943,18.0071,oracle_single_freq,0.093194,1.0000,0.0000,200,42,aperture-favourable: fixed m_nuc=19 understates nuclear light at this distance
RGB,2000.0,100.0,20000000000.0,0.0,19.0,0.35,37.72,3500.0,VALID,34.20742501084005,412356.1774981991,20.169243748081783,0.3406453780916851,0.31828478820611766,18.0071,global_max,0.427687,0.9950,0.0050,200,42,
RGB,2000.0,100.0,20000000000.0,0.0,19.0,0.35,37.72,3500.0,VALID,34.20742501084005,412356.1774981991,20.169243748081783,0.3406453780916851,0.31828478820611766,18.0071,blind_harmonic_sum,0.804701,0.8100,0.0277,200,42,
RGB,2000.0,100.0,20000000000.0,0.0,19.0,0.35,37.72,3500.0,VALID,34.20742501084005,412356.1774981991,20.169243748081783,0.3406453780916851,0.31828478820611766,18.0071,oracle_single_freq,0.093194,1.0000,0.0000,200,42,
RGB,2000.0,100.0,20000000000.0,0.0,19.0,0.5,38.49,3500.0,VALID,34.97742501084005,412356.1774981991,20.939243748081786,0.16761099366826454,0.16824543861236813,18.0071,global_max,0.427687,0.9800,0.0099,200,42,
RGB,2000.0,100.0,20000000000.0,0.0,19.0,0.5,38.49,3500.0,VALID,34.97742501084005,412356.1774981991,20.939243748081786,0.16761099366826454,0.16824543861236813,18.0071,blind_harmonic_sum,0.804701,0.7250,0.0316,200,42,
RGB,2000.0,100.0,20000000000.0,0.0,19.0,0.5,38.49,3500.0,VALID,34.97742501084005,412356.1774981991,20.939243748081786,0.16761099366826454,0.16824543861236813,18.0071,oracle_single_freq,0.093194,1.0000,0.0000,200,42,
RGB,2000.0,100.0,20000000000.0,0.5,19.0,0.1,35.0,3500.0,VALID,31.48742501084005,412356.1774981991,17.949243748081784,2.632100700540297,1.400394702240122,18.0071,global_max,0.427687,1.0000,0.0000,200,42,aperture-favourable: fixed m_nuc=19 understates nuclear light at this distance
RGB,2000.0,100.0,20000000000.0,0.5,19.0,0.1,35.0,3500.0,VALID,31.48742501084005,412356.1774981991,17.949243748081784,2.632100700540297,1.400394702240122,18.0071,blind_harmonic_sum,0.804701,0.8850,0.0226,200,42,aperture-favourable: fixed m_nuc=19 understates nuclear light at this distance
RGB,2000.0,100.0,20000000000.0,0.5,19.0,0.1,35.0,3500.0,VALID,31.48742501084005,412356.1774981991,17.949243748081784,2.632100700540297,1.400394702240122,18.0071,oracle_single_freq,0.093194,1.0000,0.0000,200,42,aperture-favourable: fixed m_nuc=19 understates nuclear light at this distance
RGB,2000.0,100.0,20000000000.0,0.5,19.0,0.2,36.51,3500.0,VALID,32.99742501084005,412356.1774981991,19.459243748081782,0.6550923090995938,0.547055551494775,18.0071,global_max,0.427687,1.0000,0.0000,200,42,aperture-favourable: fixed m_nuc=19 understates nuclear light at this distance
RGB,2000.0,100.0,20000000000.0,0.5,19.0,0.2,36.51,3500.0,VALID,32.99742501084005,412356.1774981991,19.459243748081782,0.6550923090995938,0.547055551494775,18.0071,blind_harmonic_sum,0.804701,0.9250,0.0186,200,42,aperture-favourable: fixed m_nuc=19 understates nuclear light at this distance
RGB,2000.0,100.0,20000000000.0,0.5,19.0,0.2,36.51,3500.0,VALID,32.99742501084005,412356.1774981991,19.459243748081782,0.6550923090995938,0.547055551494775,18.0071,oracle_single_freq,0.093194,1.0000,0.0000,200,42,aperture-favourable: fixed m_nuc=19 understates nuclear light at this distance
RGB,2000.0,100.0,20000000000.0,0.5,19.0,0.35,37.72,3500.0,VALID,34.20742501084005,412356.1774981991,20.669243748081783,0.214932703170181,0.21138055604719092,18.0071,global_max,0.427687,1.0000,0.0000,200,42,
RGB,2000.0,100.0,20000000000.0,0.5,19.0,0.35,37.72,3500.0,VALID,34.20742501084005,412356.1774981991,20.669243748081783,0.214932703170181,0.21138055604719092,18.0071,blind_harmonic_sum,0.804701,0.7350,0.0312,200,42,
RGB,2000.0,100.0,20000000000.0,0.5,19.0,0.35,37.72,3500.0,VALID,34.20742501084005,412356.1774981991,20.669243748081783,0.214932703170181,0.21138055604719092,18.0071,oracle_single_freq,0.093194,1.0000,0.0000,200,42,
RGB,2000.0,100.0,20000000000.0,0.5,19.0,0.5,38.49,3500.0,VALID,34.97742501084005,412356.1774981991,21.439243748081786,0.10575538747061466,0.10914766004997627,18.0071,global_max,0.427687,0.9100,0.0202,200,42,
RGB,2000.0,100.0,20000000000.0,0.5,19.0,0.5,38.49,3500.0,VALID,34.97742501084005,412356.1774981991,21.439243748081786,0.10575538747061466,0.10914766004997627,18.0071,blind_harmonic_sum,0.804701,0.5200,0.0353,200,42,
RGB,2000.0,100.0,20000000000.0,0.5,19.0,0.5,38.49,3500.0,VALID,34.97742501084005,412356.1774981991,21.439243748081786,0.10575538747061466,0.10914766004997627,18.0071,oracle_single_freq,0.093194,1.0000,0.0000,200,42,
RGB,2000.0,100.0,20000000000.0,1.0,19.0,0.1,35.0,3500.0,VALID,31.48742501084005,412356.1774981991,18.449243748081784,1.6607432684173624,1.0625074301885051,18.0071,global_max,0.427687,1.0000,0.0000,200,42,aperture-favourable: fixed m_nuc=19 understates nuclear light at this distance
RGB,2000.0,100.0,20000000000.0,1.0,19.0,0.1,35.0,3500.0,VALID,31.48742501084005,412356.1774981991,18.449243748081784,1.6607432684173624,1.0625074301885051,18.0071,blind_harmonic_sum,0.804701,0.8900,0.0221,200,42,aperture-favourable: fixed m_nuc=19 understates nuclear light at this distance
RGB,2000.0,100.0,20000000000.0,1.0,19.0,0.1,35.0,3500.0,VALID,31.48742501084005,412356.1774981991,18.449243748081784,1.6607432684173624,1.0625074301885051,18.0071,oracle_single_freq,0.093194,1.0000,0.0000,200,42,aperture-favourable: fixed m_nuc=19 understates nuclear light at this distance
RGB,2000.0,100.0,20000000000.0,1.0,19.0,0.2,36.51,3500.0,VALID,32.99742501084005,412356.1774981991,19.959243748081782,0.4133353037388776,0.3756130183660336,18.0071,global_max,0.427687,1.0000,0.0000,200,42,aperture-favourable: fixed m_nuc=19 understates nuclear light at this distance
RGB,2000.0,100.0,20000000000.0,1.0,19.0,0.2,36.51,3500.0,VALID,32.99742501084005,412356.1774981991,19.959243748081782,0.4133353037388776,0.3756130183660336,18.0071,blind_harmonic_sum,0.804701,0.8450,0.0256,200,42,aperture-favourable: fixed m_nuc=19 understates nuclear light at this distance
RGB,2000.0,100.0,20000000000.0,1.0,19.0,0.2,36.51,3500.0,VALID,32.99742501084005,412356.1774981991,19.959243748081782,0.4133353037388776,0.3756130183660336,18.0071,oracle_single_freq,0.093194,1.0000,0.0000,200,42,aperture-favourable: fixed m_nuc=19 understates nuclear light at this distance
RGB,2000.0,100.0,20000000000.0,1.0,19.0,0.35,37.72,3500.0,VALID,34.20742501084005,412356.1774981991,21.169243748081783,0.13561336763420703,0.13807624022543274,18.0071,global_max,0.427687,0.9600,0.0139,200,42,
RGB,2000.0,100.0,20000000000.0,1.0,19.0,0.35,37.72,3500.0,VALID,34.20742501084005,412356.1774981991,21.169243748081783,0.13561336763420703,0.13807624022543274,18.0071,blind_harmonic_sum,0.804701,0.6150,0.0344,200,42,
RGB,2000.0,100.0,20000000000.0,1.0,19.0,0.35,37.72,3500.0,VALID,34.20742501084005,412356.1774981991,21.169243748081783,0.13561336763420703,0.13807624022543274,18.0071,oracle_single_freq,0.093194,1.0000,0.0000,200,42,
RGB,2000.0,100.0,20000000000.0,1.0,19.0,0.5,38.49,3500.0,VALID,34.97742501084005,412356.1774981991,21.939243748081786,0.06672713844293295,0.07013336012794276,18.0071,global_max,0.427687,0.5150,0.0353,200,42,
RGB,2000.0,100.0,20000000000.0,1.0,19.0,0.5,38.49,3500.0,VALID,34.97742501084005,412356.1774981991,21.939243748081786,0.06672713844293295,0.07013336012794276,18.0071,blind_harmonic_sum,0.804701,0.2350,0.0300,200,42,
RGB,2000.0,100.0,20000000000.0,1.0,19.0,0.5,38.49,3500.0,VALID,34.97742501084005,412356.1774981991,21.939243748081786,0.06672713844293295,0.07013336012794276,18.0071,oracle_single_freq,0.093194,1.0000,0.0000,200,42,
RGB,2000.0,100.0,20000000000.0,2.0,19.0,0.1,35.0,3500.0,VALID,31.48742501084005,412356.1774981991,19.449243748081784,0.6611538036054033,0.5510246123818837,18.0071,global_max,0.427687,1.0000,0.0000,200,42,aperture-favourable: fixed m_nuc=19 understates nuclear light at this distance
RGB,2000.0,100.0,20000000000.0,2.0,19.0,0.1,35.0,3500.0,VALID,31.48742501084005,412356.1774981991,19.449243748081784,0.6611538036054033,0.5510246123818837,18.0071,blind_harmonic_sum,0.804701,0.8500,0.0252,200,42,aperture-favourable: fixed m_nuc=19 understates nuclear light at this distance
RGB,2000.0,100.0,20000000000.0,2.0,19.0,0.1,35.0,3500.0,VALID,31.48742501084005,412356.1774981991,19.449243748081784,0.6611538036054033,0.5510246123818837,18.0071,oracle_single_freq,0.093194,1.0000,0.0000,200,42,aperture-favourable: fixed m_nuc=19 understates nuclear light at this distance
RGB,2000.0,100.0,20000000000.0,2.0,19.0,0.2,36.51,3500.0,VALID,32.99742501084005,412356.1774981991,20.959243748081782,0.16455174826135494,0.16539697924634486,18.0071,global_max,0.427687,0.9950,0.0050,200,42,aperture-favourable: fixed m_nuc=19 understates nuclear light at this distance
RGB,2000.0,100.0,20000000000.0,2.0,19.0,0.2,36.51,3500.0,VALID,32.99742501084005,412356.1774981991,20.959243748081782,0.16455174826135494,0.16539697924634486,18.0071,blind_harmonic_sum,0.804701,0.7350,0.0312,200,42,aperture-favourable: fixed m_nuc=19 understates nuclear light at this distance
RGB,2000.0,100.0,20000000000.0,2.0,19.0,0.2,36.51,3500.0,VALID,32.99742501084005,412356.1774981991,20.959243748081782,0.16455174826135494,0.16539697924634486,18.0071,oracle_single_freq,0.093194,1.0000,0.0000,200,42,aperture-favourable: fixed m_nuc=19 understates nuclear light at this distance
RGB,2000.0,100.0,20000000000.0,2.0,19.0,0.35,37.72,3500.0,VALID,34.20742501084005,412356.1774981991,22.169243748081783,0.05398865407808538,0.05708983957793949,18.0071,global_max,0.427687,0.3300,0.0332,200,42,
RGB,2000.0,100.0,20000000000.0,2.0,19.0,0.35,37.72,3500.0,VALID,34.20742501084005,412356.1774981991,22.169243748081783,0.05398865407808538,0.05708983957793949,18.0071,blind_harmonic_sum,0.804701,0.1250,0.0234,200,42,
RGB,2000.0,100.0,20000000000.0,2.0,19.0,0.35,37.72,3500.0,VALID,34.20742501084005,412356.1774981991,22.169243748081783,0.05398865407808538,0.05708983957793949,18.0071,oracle_single_freq,0.093194,0.9950,0.0050,200,42,
RGB,2000.0,100.0,20000000000.0,2.0,19.0,0.5,38.49,3500.0,VALID,34.97742501084005,412356.1774981991,22.939243748081786,0.02656455228464752,0.028465659521181363,18.0071,global_max,0.427687,0.0100,0.0070,200,42,
RGB,2000.0,100.0,20000000000.0,2.0,19.0,0.5,38.49,3500.0,VALID,34.97742501084005,412356.1774981991,22.939243748081786,0.02656455228464752,0.028465659521181363,18.0071,blind_harmonic_sum,0.804701,0.0150,0.0086,200,42,
RGB,2000.0,100.0,20000000000.0,2.0,19.0,0.5,38.49,3500.0,VALID,34.97742501084005,412356.1774981991,22.939243748081786,0.02656455228464752,0.028465659521181363,18.0071,oracle_single_freq,0.093194,0.8050,0.0280,200,42,
