source,L_Lsun,R_Rsun,M_total_Msun,A_V,m_nuc,D_L_Gpc,DM,R_max_Rsun,validity,m_unlensed,mu_cusp,m_lensed,flux_ratio,delta_m_peak,P_inject_days,detector,threshold,recovery_fraction,binom_se,n_inj,seed,aperture_note,source_label
RGB,2000.0,100.0,20000000000.0,0.0,19.0,0.7,39.23,3500.0,VALID,35.717425010840046,412356.1774981991,21.67924374808178,0.08478177422025641,0.08835594964526315,18.0071,global_max,0.427687,0.7650,0.0300,200,42,,tip-RGB star
RGB,2000.0,100.0,20000000000.0,0.0,19.0,0.7,39.23,3500.0,VALID,35.717425010840046,412356.1774981991,21.67924374808178,0.08478177422025641,0.08835594964526315,18.0071,blind_harmonic_sum,0.804701,0.3450,0.0336,200,42,,tip-RGB star
RGB,2000.0,100.0,20000000000.0,0.0,19.0,0.7,39.23,3500.0,VALID,35.717425010840046,412356.1774981991,21.67924374808178,0.08478177422025641,0.08835594964526315,18.0071,oracle_single_freq,0.093194,1.0000,0.0000,200,42,,tip-RGB star
RGB,2000.0,100.0,20000000000.0,0.0,19.0,0.85,39.65,3500.0,VALID,36.13742501084005,412356.1774981991,22.099243748081783,0.057584089030128016,0.06078727096852004,18.0071,global_max,0.427687,0.4350,0.0351,200,42,,tip-RGB star
RGB,2000.0,100.0,20000000000.0,0.0,19.0,0.85,39.65,3500.0,VALID,36.13742501084005,412356.1774981991,22.099243748081783,0.057584089030128016,0.06078727096852004,18.0071,blind_harmonic_sum,0.804701,0.1650,0.0262,200,42,,tip-RGB star
RGB,2000.0,100.0,20000000000.0,0.0,19.0,0.85,39.65,3500.0,VALID,36.13742501084005,412356.1774981991,22.099243748081783,0.057584089030128016,0.06078727096852004,18.0071,oracle_single_freq,0.093194,0.9850,0.0086,200,42,,tip-RGB star
RGB,2000.0,100.0,20000000000.0,0.5,19.0,0.7,39.23,3500.0,VALID,35.717425010840046,412356.1774981991,22.17924374808178,0.05349368312233227,0.05657983967202322,18.0071,global_max,0.427687,0.2950,0.0322,200,42,,tip-RGB star
RGB,2000.0,100.0,20000000000.0,0.5,19.0,0.7,39.23,3500.0,VALID,35.717425010840046,412356.1774981991,22.17924374808178,0.05349368312233227,0.05657983967202322,18.0071,blind_harmonic_sum,0.804701,0.1300,0.0238,200,42,,tip-RGB star
RGB,2000.0,100.0,20000000000.0,0.5,19.0,0.7,39.23,3500.0,VALID,35.717425010840046,412356.1774981991,22.17924374808178,0.05349368312233227,0.05657983967202322,18.0071,oracle_single_freq,0.093194,1.0000,0.0000,200,42,,tip-RGB star
RGB,2000.0,100.0,20000000000.0,0.5,19.0,0.85,39.65,3500.0,VALID,36.13742501084005,412356.1774981991,22.599243748081783,0.0363331038987606,0.03874842793688737,18.0071,global_max,0.427687,0.0250,0.0110,200,42,,tip-RGB star
RGB,2000.0,100.0,20000000000.0,0.5,19.0,0.85,39.65,3500.0,VALID,36.13742501084005,412356.1774981991,22.599243748081783,0.0363331038987606,0.03874842793688737,18.0071,blind_harmonic_sum,0.804701,0.0550,0.0161,200,42,,tip-RGB star
RGB,2000.0,100.0,20000000000.0,0.5,19.0,0.85,39.65,3500.0,VALID,36.13742501084005,412356.1774981991,22.599243748081783,0.0363331038987606,0.03874842793688737,18.0071,oracle_single_freq,0.093194,0.9450,0.0161,200,42,,tip-RGB star
RGB,2000.0,100.0,20000000000.0,1.0,19.0,0.7,39.23,3500.0,VALID,35.717425010840046,412356.1774981991,22.67924374808178,0.0337522322493317,0.03604115090578901,18.0071,global_max,0.427687,0.0400,0.0139,200,42,,tip-RGB star
RGB,2000.0,100.0,20000000000.0,1.0,19.0,0.7,39.23,3500.0,VALID,35.717425010840046,412356.1774981991,22.67924374808178,0.0337522322493317,0.03604115090578901,18.0071,blind_harmonic_sum,0.804701,0.0300,0.0121,200,42,,tip-RGB star
RGB,2000.0,100.0,20000000000.0,1.0,19.0,0.7,39.23,3500.0,VALID,35.717425010840046,412356.1774981991,22.67924374808178,0.0337522322493317,0.03604115090578901,18.0071,oracle_single_freq,0.093194,0.9300,0.0180,200,42,,tip-RGB star
RGB,2000.0,100.0,20000000000.0,1.0,19.0,0.85,39.65,3500.0,VALID,36.13742501084005,412356.1774981991,23.099243748081783,0.022924638752684946,0.0246090985046461,18.0071,global_max,0.427687,0.0150,0.0086,200,42,,tip-RGB star
RGB,2000.0,100.0,20000000000.0,1.0,19.0,0.85,39.65,3500.0,VALID,36.13742501084005,412356.1774981991,23.099243748081783,0.022924638752684946,0.0246090985046461,18.0071,blind_harmonic_sum,0.804701,0.0200,0.0099,200,42,,tip-RGB star
RGB,2000.0,100.0,20000000000.0,1.0,19.0,0.85,39.65,3500.0,VALID,36.13742501084005,412356.1774981991,23.099243748081783,0.022924638752684946,0.0246090985046461,18.0071,oracle_single_freq,0.093194,0.7200,0.0317,200,42,,tip-RGB star
RGB,2000.0,100.0,20000000000.0,2.0,19.0,0.7,39.23,3500.0,VALID,35.717425010840046,412356.1774981991,23.67924374808178,0.01343700568064595,0.014491896298405152,18.0071,global_max,0.427687,0.0100,0.0070,200,42,,tip-RGB star
RGB,2000.0,100.0,20000000000.0,2.0,19.0,0.7,39.23,3500.0,VALID,35.717425010840046,412356.1774981991,23.67924374808178,0.01343700568064595,0.014491896298405152,18.0071,blind_harmonic_sum,0.804701,0.0050,0.0050,200,42,,tip-RGB star
RGB,2000.0,100.0,20000000000.0,2.0,19.0,0.7,39.23,3500.0,VALID,35.717425010840046,412356.1774981991,23.67924374808178,0.01343700568064595,0.014491896298405152,18.0071,oracle_single_freq,0.093194,0.2650,0.0312,200,42,,tip-RGB star
RGB,2000.0,100.0,20000000000.0,2.0,19.0,0.85,39.65,3500.0,VALID,36.13742501084005,412356.1774981991,24.099243748081783,0.009126463069792456,0.009863987871324082,18.0071,global_max,0.427687,0.0250,0.0110,200,42,,tip-RGB star
RGB,2000.0,100.0,20000000000.0,2.0,19.0,0.85,39.65,3500.0,VALID,36.13742501084005,412356.1774981991,24.099243748081783,0.009126463069792456,0.009863987871324082,18.0071,blind_harmonic_sum,0.804701,0.0050,0.0050,200,42,,tip-RGB star
RGB,2000.0,100.0,20000000000.0,2.0,19.0,0.85,39.65,3500.0,VALID,36.13742501084005,412356.1774981991,24.099243748081783,0.009126463069792456,0.009863987871324082,18.0071,oracle_single_freq,0.093194,0.1050,0.0217,200,42,,tip-RGB star
