host,host_label,statistic,detector,D_L_Gpc,DM,A_V,L_min_Lsun,N_zone,N_zone_f_burst,f_burst,r_E_pc,column_Msun_per_pc2
old_metalpoor,"old, [Fe/H]=-0.25 (10 Gyr)",v1-frozen,global_max,0.1,35.0,0.0,2.21353,29.7809,,,1.95686,230.773
old_metalpoor,"old, [Fe/H]=-0.25 (10 Gyr)",v1-frozen,global_max,0.2,36.51,0.0,24.4257,4.36414,,,1.95686,230.773
old_metalpoor,"old, [Fe/H]=-0.25 (10 Gyr)",v1-frozen,global_max,0.35,37.72,0.0,143.893,0.629892,,,1.95686,230.773
old_metalpoor,"old, [Fe/H]=-0.25 (10 Gyr)",v1-frozen,global_max,0.5,38.49,0.0,515.143,0.165957,,,1.95686,230.773
old_metalpoor,"old, [Fe/H]=-0.25 (10 Gyr)",v1-frozen,global_max,0.7,39.23,0.0,1838.93,0.0229586,,,1.95686,230.773
old_metalpoor,"old, [Fe/H]=-0.25 (10 Gyr)",v1-frozen,global_max,0.85,39.65,0.0,3853.86,0.000272863,,,1.95686,230.773
old_metalpoor,"old, [Fe/H]=-0.25 (10 Gyr)",v1-frozen,global_max,1.0,40.0,0.0,6470.72,0,,,1.95686,230.773
old_metalpoor,"old, [Fe/H]=-0.25 (10 Gyr)",v1-frozen,global_max,2.0,41.51,0.0,25992.8,0,,,1.95686,230.773
old_metalpoor,"old, [Fe/H]=-0.25 (10 Gyr)",v1-frozen,global_max,2.9,42.31,0.0,54316.7,0,,,1.95686,230.773
old_metalpoor,"old, [Fe/H]=-0.25 (10 Gyr)",v1-frozen,blind_harmonic_sum,0.1,35.0,0.0,7.04226,7.37668,,,1.95686,230.773
old_metalpoor,"old, [Fe/H]=-0.25 (10 Gyr)",v1-frozen,blind_harmonic_sum,0.2,36.51,0.0,57.7684,1.31447,,,1.95686,230.773
old_metalpoor,"old, [Fe/H]=-0.25 (10 Gyr)",v1-frozen,blind_harmonic_sum,0.35,37.72,0.0,434.67,0.201628,,,1.95686,230.773
old_metalpoor,"old, [Fe/H]=-0.25 (10 Gyr)",v1-frozen,blind_harmonic_sum,0.5,38.49,0.0,1606.21,0.0308003,,,1.95686,230.773
old_metalpoor,"old, [Fe/H]=-0.25 (10 Gyr)",v1-frozen,blind_harmonic_sum,0.7,39.23,0.0,5668.11,9.14843e-06,,,1.95686,230.773
old_metalpoor,"old, [Fe/H]=-0.25 (10 Gyr)",v1-frozen,blind_harmonic_sum,0.85,39.65,0.0,8579.92,0,,,1.95686,230.773
old_metalpoor,"old, [Fe/H]=-0.25 (10 Gyr)",v1-frozen,blind_harmonic_sum,1.0,40.0,0.0,11844.5,0,,,1.95686,230.773
old_metalpoor,"old, [Fe/H]=-0.25 (10 Gyr)",v1-frozen,blind_harmonic_sum,2.0,41.51,0.0,47579.4,0,,,1.95686,230.773
old_metalpoor,"old, [Fe/H]=-0.25 (10 Gyr)",v1-frozen,blind_harmonic_sum,2.9,42.31,0.0,99425.9,0,,,1.95686,230.773
old_metalpoor,"old, [Fe/H]=-0.25 (10 Gyr)",v3-physical,global_max,0.1,35.0,0.0,3638.23,0.000327261,,,1.95686,230.773
old_metalpoor,"old, [Fe/H]=-0.25 (10 Gyr)",v3-physical,global_max,0.2,36.51,0.0,3638.23,0.000327261,,,1.95686,230.773
old_metalpoor,"old, [Fe/H]=-0.25 (10 Gyr)",v3-physical,global_max,0.35,37.72,0.0,3638.23,0.000327261,,,1.95686,230.773
old_metalpoor,"old, [Fe/H]=-0.25 (10 Gyr)",v3-physical,global_max,0.5,38.49,0.0,3787.87,0.000293143,,,1.95686,230.773
old_metalpoor,"old, [Fe/H]=-0.25 (10 Gyr)",v3-physical,global_max,0.7,39.23,0.0,4880.03,5.07467e-05,,,1.95686,230.773
old_metalpoor,"old, [Fe/H]=-0.25 (10 Gyr)",v3-physical,global_max,0.85,39.65,0.0,6545.67,0,,,1.95686,230.773
old_metalpoor,"old, [Fe/H]=-0.25 (10 Gyr)",v3-physical,global_max,1.0,40.0,0.0,9036.27,0,,,1.95686,230.773
old_metalpoor,"old, [Fe/H]=-0.25 (10 Gyr)",v3-physical,global_max,2.0,41.51,0.0,36298.6,0,,,1.95686,230.773
old_metalpoor,"old, [Fe/H]=-0.25 (10 Gyr)",v3-physical,global_max,2.9,42.31,0.0,75852.5,0,,,1.95686,230.773
old_metalpoor,"old, [Fe/H]=-0.25 (10 Gyr)",v3-physical,blind_harmonic_sum,0.1,35.0,0.0,3638.23,0.000327261,,,1.95686,230.773
old_metalpoor,"old, [Fe/H]=-0.25 (10 Gyr)",v3-physical,blind_harmonic_sum,0.2,36.51,0.0,3638.23,0.000327261,,,1.95686,230.773
old_metalpoor,"old, [Fe/H]=-0.25 (10 Gyr)",v3-physical,blind_harmonic_sum,0.35,37.72,0.0,3638.23,0.000327261,,,1.95686,230.773
old_metalpoor,"old, [Fe/H]=-0.25 (10 Gyr)",v3-physical,blind_harmonic_sum,0.5,38.49,0.0,5603.21,9.14843e-06,,,1.95686,230.773
old_metalpoor,"old, [Fe/H]=-0.25 (10 Gyr)",v3-physical,blind_harmonic_sum,0.7,39.23,0.0,10647.7,0,,,1.95686,230.773
old_metalpoor,"old, [Fe/H]=-0.25 (10 Gyr)",v3-physical,blind_harmonic_sum,0.85,39.65,0.0,15705.4,0,,,1.95686,230.773
old_metalpoor,"old, [Fe/H]=-0.25 (10 Gyr)",v3-physical,blind_harmonic_sum,1.0,40.0,0.0,21681.2,0,,,1.95686,230.773
old_metalpoor,"old, [Fe/H]=-0.25 (10 Gyr)",v3-physical,blind_harmonic_sum,2.0,41.51,0.0,87093.4,0,,,1.95686,230.773
old_metalpoor,"old, [Fe/H]=-0.25 (10 Gyr)",v3-physical,blind_harmonic_sum,2.9,42.31,0.0,,,,,1.95686,230.773
old_metalrich,"old, [Fe/H]=+0.25 (10 Gyr)",v1-frozen,global_max,0.1,35.0,0.0,3.05577,9.66522,,,1.95686,230.773
old_metalrich,"old, [Fe/H]=+0.25 (10 Gyr)",v1-frozen,global_max,0.2,36.51,0.0,27.7243,3.21475,,,1.95686,230.773
old_metalrich,"old, [Fe/H]=+0.25 (10 Gyr)",v1-frozen,global_max,0.35,37.72,0.0,174.004,0.370961,,,1.95686,230.773
old_metalrich,"old, [Fe/H]=+0.25 (10 Gyr)",v1-frozen,global_max,0.5,38.49,0.0,642.987,0.108425,,,1.95686,230.773
old_metalrich,"old, [Fe/H]=+0.25 (10 Gyr)",v1-frozen,global_max,0.7,39.23,0.0,2335.3,0.00634456,,,1.95686,230.773
old_metalrich,"old, [Fe/H]=+0.25 (10 Gyr)",v1-frozen,global_max,0.85,39.65,0.0,5816.89,4.48698e-06,,,1.95686,230.773
old_metalrich,"old, [Fe/H]=+0.25 (10 Gyr)",v1-frozen,global_max,1.0,40.0,0.0,8217.29,0,,,1.95686,230.773
old_metalrich,"old, [Fe/H]=+0.25 (10 Gyr)",v1-frozen,global_max,2.0,41.51,0.0,33008.8,0,,,1.95686,230.773
old_metalrich,"old, [Fe/H]=+0.25 (10 Gyr)",v1-frozen,global_max,2.9,42.31,0.0,68977.9,0,,,1.95686,230.773
old_metalrich,"old, [Fe/H]=+0.25 (10 Gyr)",v1-frozen,blind_harmonic_sum,0.1,35.0,0.0,7.83382,5.86751,,,1.95686,230.773
old_metalrich,"old, [Fe/H]=+0.25 (10 Gyr)",v1-frozen,blind_harmonic_sum,0.2,36.51,0.0,69.8572,0.826404,,,1.95686,230.773
old_metalrich,"old, [Fe/H]=+0.25 (10 Gyr)",v1-frozen,blind_harmonic_sum,0.35,37.72,0.0,524.119,0.133182,,,1.95686,230.773
old_metalrich,"old, [Fe/H]=+0.25 (10 Gyr)",v1-frozen,blind_harmonic_sum,0.5,38.49,0.0,2004.82,0.0147237,,,1.95686,230.773
old_metalrich,"old, [Fe/H]=+0.25 (10 Gyr)",v1-frozen,blind_harmonic_sum,0.7,39.23,0.0,7386.98,0,,,1.95686,230.773
old_metalrich,"old, [Fe/H]=+0.25 (10 Gyr)",v1-frozen,blind_harmonic_sum,0.85,39.65,0.0,10895.8,0,,,1.95686,230.773
old_metalrich,"old, [Fe/H]=+0.25 (10 Gyr)",v1-frozen,blind_harmonic_sum,1.0,40.0,0.0,15041.6,0,,,1.95686,230.773
old_metalrich,"old, [Fe/H]=+0.25 (10 Gyr)",v1-frozen,blind_harmonic_sum,2.0,41.51,0.0,60422,0,,,1.95686,230.773
old_metalrich,"old, [Fe/H]=+0.25 (10 Gyr)",v1-frozen,blind_harmonic_sum,2.9,42.31,0.0,,,,,1.95686,230.773
old_metalrich,"old, [Fe/H]=+0.25 (10 Gyr)",v3-physical,global_max,0.1,35.0,0.0,2665.98,0.00295839,,,1.95686,230.773
old_metalrich,"old, [Fe/H]=+0.25 (10 Gyr)",v3-physical,global_max,0.2,36.51,0.0,2665.98,0.00295839,,,1.95686,230.773
old_metalrich,"old, [Fe/H]=+0.25 (10 Gyr)",v3-physical,global_max,0.35,37.72,0.0,2665.98,0.00295839,,,1.95686,230.773
old_metalrich,"old, [Fe/H]=+0.25 (10 Gyr)",v3-physical,global_max,0.5,38.49,0.0,3105.44,0.00169311,,,1.95686,230.773
old_metalrich,"old, [Fe/H]=+0.25 (10 Gyr)",v3-physical,global_max,0.7,39.23,0.0,4908.21,2.27807e-05,,,1.95686,230.773
old_metalrich,"old, [Fe/H]=+0.25 (10 Gyr)",v3-physical,global_max,0.85,39.65,0.0,8312.47,0,,,1.95686,230.773
old_metalrich,"old, [Fe/H]=+0.25 (10 Gyr)",v3-physical,global_max,1.0,40.0,0.0,11475.3,0,,,1.95686,230.773
old_metalrich,"old, [Fe/H]=+0.25 (10 Gyr)",v3-physical,global_max,2.0,41.51,0.0,46096.3,0,,,1.95686,230.773
old_metalrich,"old, [Fe/H]=+0.25 (10 Gyr)",v3-physical,global_max,2.9,42.31,0.0,96326.5,0,,,1.95686,230.773
old_metalrich,"old, [Fe/H]=+0.25 (10 Gyr)",v3-physical,blind_harmonic_sum,0.1,35.0,0.0,2665.98,0.00295839,,,1.95686,230.773
old_metalrich,"old, [Fe/H]=+0.25 (10 Gyr)",v3-physical,blind_harmonic_sum,0.2,36.51,0.0,2665.98,0.00295839,,,1.95686,230.773
old_metalrich,"old, [Fe/H]=+0.25 (10 Gyr)",v3-physical,blind_harmonic_sum,0.35,37.72,0.0,3105.44,0.00169311,,,1.95686,230.773
old_metalrich,"old, [Fe/H]=+0.25 (10 Gyr)",v3-physical,blind_harmonic_sum,0.5,38.49,0.0,6834.53,0,,,1.95686,230.773
old_metalrich,"old, [Fe/H]=+0.25 (10 Gyr)",v3-physical,blind_harmonic_sum,0.7,39.23,0.0,13521.7,0,,,1.95686,230.773
old_metalrich,"old, [Fe/H]=+0.25 (10 Gyr)",v3-physical,blind_harmonic_sum,0.85,39.65,0.0,19887.2,0,,,1.95686,230.773
old_metalrich,"old, [Fe/H]=+0.25 (10 Gyr)",v3-physical,blind_harmonic_sum,1.0,40.0,0.0,27454.3,0,,,1.95686,230.773
old_metalrich,"old, [Fe/H]=+0.25 (10 Gyr)",v3-physical,blind_harmonic_sum,2.0,41.51,0.0,,,,,1.95686,230.773
old_metalrich,"old, [Fe/H]=+0.25 (10 Gyr)",v3-physical,blind_harmonic_sum,2.9,42.31,0.0,,,,,1.95686,230.773
intermediate,"intermediate, [Fe/H]=+0.25 (1.585 Gyr)",v1-frozen,global_max,0.1,35.0,0.0,4.12243,100.825,10.0825,0.1,1.95686,230.773
intermediate,"intermediate, [Fe/H]=+0.25 (1.585 Gyr)",v1-frozen,global_max,0.2,36.51,0.0,16.8969,16.8223,1.68223,0.1,1.95686,230.773
intermediate,"intermediate, [Fe/H]=+0.25 (1.585 Gyr)",v1-frozen,global_max,0.35,37.72,0.0,149.38,1.76417,0.176417,0.1,1.95686,230.773
intermediate,"intermediate, [Fe/H]=+0.25 (1.585 Gyr)",v1-frozen,global_max,0.5,38.49,0.0,528.665,0.553863,0.0553863,0.1,1.95686,230.773
intermediate,"intermediate, [Fe/H]=+0.25 (1.585 Gyr)",v1-frozen,global_max,0.7,39.23,0.0,1823.12,0.0991721,0.00991721,0.1,1.95686,230.773
intermediate,"intermediate, [Fe/H]=+0.25 (1.585 Gyr)",v1-frozen,global_max,0.85,39.65,0.0,3776.98,0.0369448,0.00369448,0.1,1.95686,230.773
intermediate,"intermediate, [Fe/H]=+0.25 (1.585 Gyr)",v1-frozen,global_max,1.0,40.0,0.0,8629.47,0,0,0.1,1.95686,230.773
intermediate,"intermediate, [Fe/H]=+0.25 (1.585 Gyr)",v1-frozen,global_max,2.0,41.51,0.0,34664.5,0,0,0.1,1.95686,230.773
intermediate,"intermediate, [Fe/H]=+0.25 (1.585 Gyr)",v1-frozen,global_max,2.9,42.31,0.0,72437.8,0,0,0.1,1.95686,230.773
intermediate,"intermediate, [Fe/H]=+0.25 (1.585 Gyr)",v1-frozen,blind_harmonic_sum,0.1,35.0,0.0,7.54605,55.6408,5.56408,0.1,1.95686,230.773
intermediate,"intermediate, [Fe/H]=+0.25 (1.585 Gyr)",v1-frozen,blind_harmonic_sum,0.2,36.51,0.0,61.0164,4.66436,0.466436,0.1,1.95686,230.773
intermediate,"intermediate, [Fe/H]=+0.25 (1.585 Gyr)",v1-frozen,blind_harmonic_sum,0.35,37.72,0.0,438.44,0.65843,0.065843,0.1,1.95686,230.773
intermediate,"intermediate, [Fe/H]=+0.25 (1.585 Gyr)",v1-frozen,blind_harmonic_sum,0.5,38.49,0.0,1587.82,0.111377,0.0111377,0.1,1.95686,230.773
intermediate,"intermediate, [Fe/H]=+0.25 (1.585 Gyr)",v1-frozen,blind_harmonic_sum,0.7,39.23,0.0,6021.36,0.00160087,0.000160087,0.1,1.95686,230.773
intermediate,"intermediate, [Fe/H]=+0.25 (1.585 Gyr)",v1-frozen,blind_harmonic_sum,0.85,39.65,0.0,11442.3,0,0,0.1,1.95686,230.773
intermediate,"intermediate, [Fe/H]=+0.25 (1.585 Gyr)",v1-frozen,blind_harmonic_sum,1.0,40.0,0.0,15796.1,0,0,0.1,1.95686,230.773
intermediate,"intermediate, [Fe/H]=+0.25 (1.585 Gyr)",v1-frozen,blind_harmonic_sum,2.0,41.51,0.0,63452.8,0,0,0.1,1.95686,230.773
intermediate,"intermediate, [Fe/H]=+0.25 (1.585 Gyr)",v1-frozen,blind_harmonic_sum,2.9,42.31,0.0,,,,0.1,1.95686,230.773
intermediate,"intermediate, [Fe/H]=+0.25 (1.585 Gyr)",v3-physical,global_max,0.1,35.0,0.0,3105.44,0.0585864,0.00585864,0.1,1.95686,230.773
intermediate,"intermediate, [Fe/H]=+0.25 (1.585 Gyr)",v3-physical,global_max,0.2,36.51,0.0,3105.44,0.0585864,0.00585864,0.1,1.95686,230.773
intermediate,"intermediate, [Fe/H]=+0.25 (1.585 Gyr)",v3-physical,global_max,0.35,37.72,0.0,3105.44,0.0585864,0.00585864,0.1,1.95686,230.773
intermediate,"intermediate, [Fe/H]=+0.25 (1.585 Gyr)",v3-physical,global_max,0.5,38.49,0.0,3405.12,0.0466426,0.00466426,0.1,1.95686,230.773
intermediate,"intermediate, [Fe/H]=+0.25 (1.585 Gyr)",v3-physical,global_max,0.7,39.23,0.0,4567.36,0.0181247,0.00181247,0.1,1.95686,230.773
intermediate,"intermediate, [Fe/H]=+0.25 (1.585 Gyr)",v3-physical,global_max,0.85,39.65,0.0,8729.42,0,0,0.1,1.95686,230.773
intermediate,"intermediate, [Fe/H]=+0.25 (1.585 Gyr)",v3-physical,global_max,1.0,40.0,0.0,12050.9,0,0,0.1,1.95686,230.773
intermediate,"intermediate, [Fe/H]=+0.25 (1.585 Gyr)",v3-physical,global_max,2.0,41.51,0.0,48408.5,0,0,0.1,1.95686,230.773
intermediate,"intermediate, [Fe/H]=+0.25 (1.585 Gyr)",v3-physical,global_max,2.9,42.31,0.0,,,,0.1,1.95686,230.773
intermediate,"intermediate, [Fe/H]=+0.25 (1.585 Gyr)",v3-physical,blind_harmonic_sum,0.1,35.0,0.0,3105.44,0.0585864,0.00585864,0.1,1.95686,230.773
intermediate,"intermediate, [Fe/H]=+0.25 (1.585 Gyr)",v3-physical,blind_harmonic_sum,0.2,36.51,0.0,3105.44,0.0585864,0.00585864,0.1,1.95686,230.773
intermediate,"intermediate, [Fe/H]=+0.25 (1.585 Gyr)",v3-physical,blind_harmonic_sum,0.35,37.72,0.0,3405.12,0.0466426,0.00466426,0.1,1.95686,230.773
intermediate,"intermediate, [Fe/H]=+0.25 (1.585 Gyr)",v3-physical,blind_harmonic_sum,0.5,38.49,0.0,5459.9,0.00545518,0.000545518,0.1,1.95686,230.773
intermediate,"intermediate, [Fe/H]=+0.25 (1.585 Gyr)",v3-physical,blind_harmonic_sum,0.7,39.23,0.0,14200,0,0,0.1,1.95686,230.773
intermediate,"intermediate, [Fe/H]=+0.25 (1.585 Gyr)",v3-physical,blind_harmonic_sum,0.85,39.65,0.0,20945,0,0,0.1,1.95686,230.773
intermediate,"intermediate, [Fe/H]=+0.25 (1.585 Gyr)",v3-physical,blind_harmonic_sum,1.0,40.0,0.0,28914.5,0,0,0.1,1.95686,230.773
intermediate,"intermediate, [Fe/H]=+0.25 (1.585 Gyr)",v3-physical,blind_harmonic_sum,2.0,41.51,0.0,,,,0.1,1.95686,230.773
intermediate,"intermediate, [Fe/H]=+0.25 (1.585 Gyr)",v3-physical,blind_harmonic_sum,2.9,42.31,0.0,,,,0.1,1.95686,230.773
