statistic,detector,floor_mag,D_L_Gpc,DM,A_V,m_nuc,M_total_Msun,L_min_Lsun,R_at_Lmin_Rsun,Sigma_detectable_per_pc2,r_E_pc,einstein_area_pc2,N_zone,column_Msun_per_pc2
v1-frozen,global_max,0.07,0.1,35.0,0.0,19.0,20000000000.0,2.21088,1.54208,2.47553,1.95686,12.0301,29.7809,230.773
v1-frozen,global_max,0.07,0.2,36.51,0.0,19.0,20000000000.0,24.3587,7.458,0.362767,1.95686,12.0301,4.36414,230.773
v1-frozen,global_max,0.07,0.35,37.72,0.0,19.0,20000000000.0,143.489,20.8828,0.0523595,1.95686,12.0301,0.629892,230.773
v1-frozen,global_max,0.07,0.5,38.49,0.0,19.0,20000000000.0,514.963,50.7721,0.0137951,1.95686,12.0301,0.165957,230.773
v1-frozen,global_max,0.07,0.7,39.23,0.0,19.0,20000000000.0,1846.51,130.216,0.00190842,1.95686,12.0301,0.0229586,230.773
v1-frozen,global_max,0.07,0.85,39.65,0.0,19.0,20000000000.0,3852.75,221.943,2.26816e-05,1.95686,12.0301,0.000272863,230.773
v1-frozen,global_max,0.07,1.0,40.0,0.0,19.0,20000000000.0,6459.84,300.744,0,1.95686,12.0301,0,230.773
v1-frozen,global_max,0.07,2.0,41.51,0.0,19.0,20000000000.0,,,,1.95686,12.0301,,230.773
v1-frozen,global_max,0.07,2.9,42.31,0.0,19.0,20000000000.0,,,,1.95686,12.0301,,230.773
v1-frozen,global_max,0.07,0.1,35.0,0.5,19.0,20000000000.0,5.61013,3.21733,0.687924,1.95686,12.0301,8.27582,230.773
v1-frozen,global_max,0.07,0.2,36.51,0.5,19.0,20000000000.0,48.4836,10.6471,0.262599,1.95686,12.0301,3.1591,230.773
v1-frozen,global_max,0.07,0.35,37.72,0.5,19.0,20000000000.0,327.649,36.9447,0.0218824,1.95686,12.0301,0.263249,230.773
v1-frozen,global_max,0.07,0.5,38.49,0.5,19.0,20000000000.0,1211.81,94.1652,0.00492962,1.95686,12.0301,0.059304,230.773
v1-frozen,global_max,0.07,0.7,39.23,0.5,19.0,20000000000.0,4342.41,238.037,1.16312e-05,1.95686,12.0301,0.000139925,230.773
v1-frozen,global_max,0.07,0.85,39.65,0.5,19.0,20000000000.0,7416.89,300.744,0,1.95686,12.0301,0,230.773
v1-frozen,global_max,0.07,1.0,40.0,0.5,19.0,20000000000.0,,,,1.95686,12.0301,,230.773
v1-frozen,global_max,0.07,2.0,41.51,0.5,19.0,20000000000.0,,,,1.95686,12.0301,,230.773
v1-frozen,global_max,0.07,2.9,42.31,0.5,19.0,20000000000.0,,,,1.95686,12.0301,,230.773
v1-frozen,global_max,0.07,0.1,35.0,1.0,19.0,20000000000.0,11.5023,4.81061,0.484671,1.95686,12.0301,5.83066,230.773
v1-frozen,global_max,0.07,0.2,36.51,1.0,19.0,20000000000.0,101.669,16.4895,0.0654552,1.95686,12.0301,0.787436,230.773
v1-frozen,global_max,0.07,0.35,37.72,1.0,19.0,20000000000.0,762.152,67.1843,0.00943596,1.95686,12.0301,0.113516,230.773
v1-frozen,global_max,0.07,0.5,38.49,1.0,19.0,20000000000.0,2880.32,176.173,0.000151654,1.95686,12.0301,0.00182442,230.773
v1-frozen,global_max,0.07,0.7,39.23,1.0,19.0,20000000000.0,7984.02,300.744,0,1.95686,12.0301,0,230.773
v1-frozen,global_max,0.07,0.85,39.65,1.0,19.0,20000000000.0,,,,1.95686,12.0301,,230.773
v1-frozen,global_max,0.07,1.0,40.0,1.0,19.0,20000000000.0,,,,1.95686,12.0301,,230.773
v1-frozen,global_max,0.07,2.0,41.51,1.0,19.0,20000000000.0,,,,1.95686,12.0301,,230.773
v1-frozen,global_max,0.07,2.9,42.31,1.0,19.0,20000000000.0,,,,1.95686,12.0301,,230.773
v1-frozen,global_max,0.07,0.1,35.0,2.0,19.0,20000000000.0,48.3345,10.7495,0.262599,1.95686,12.0301,3.1591,230.773
v1-frozen,global_max,0.07,0.2,36.51,2.0,19.0,20000000000.0,536.443,52.5721,0.0136292,1.95686,12.0301,0.163961,230.773
v1-frozen,global_max,0.07,0.35,37.72,2.0,19.0,20000000000.0,4320.59,240.031,1.34463e-05,1.95686,12.0301,0.000161761,230.773
v1-frozen,global_max,0.07,0.5,38.49,2.0,19.0,20000000000.0,,,,1.95686,12.0301,,230.773
v1-frozen,global_max,0.07,0.7,39.23,2.0,19.0,20000000000.0,,,,1.95686,12.0301,,230.773
v1-frozen,global_max,0.07,0.85,39.65,2.0,19.0,20000000000.0,,,,1.95686,12.0301,,230.773
v1-frozen,global_max,0.07,1.0,40.0,2.0,19.0,20000000000.0,,,,1.95686,12.0301,,230.773
v1-frozen,global_max,0.07,2.0,41.51,2.0,19.0,20000000000.0,,,,1.95686,12.0301,,230.773
v1-frozen,global_max,0.07,2.9,42.31,2.0,19.0,20000000000.0,,,,1.95686,12.0301,,230.773
v1-frozen,blind_harmonic_sum,0.125,0.1,35.0,0.0,19.0,20000000000.0,7.02489,3.645,0.613183,1.95686,12.0301,7.37668,230.773
v1-frozen,blind_harmonic_sum,0.125,0.2,36.51,0.0,19.0,20000000000.0,57.6438,11.1237,0.109265,1.95686,12.0301,1.31447,230.773
v1-frozen,blind_harmonic_sum,0.125,0.35,37.72,0.0,19.0,20000000000.0,433.599,45.634,0.0167602,1.95686,12.0301,0.201628,230.773
v1-frozen,blind_harmonic_sum,0.125,0.5,38.49,0.0,19.0,20000000000.0,1599.93,116.075,0.00282281,1.95686,12.0301,0.0339588,230.773
v1-frozen,blind_harmonic_sum,0.125,0.7,39.23,0.0,19.0,20000000000.0,5657.64,287.455,7.60459e-07,1.95686,12.0301,9.14843e-06,230.773
v1-frozen,blind_harmonic_sum,0.125,0.85,39.65,0.0,19.0,20000000000.0,8574.29,300.744,0,1.95686,12.0301,0,230.773
v1-frozen,blind_harmonic_sum,0.125,1.0,40.0,0.0,19.0,20000000000.0,,,,1.95686,12.0301,,230.773
v1-frozen,blind_harmonic_sum,0.125,2.0,41.51,0.0,19.0,20000000000.0,,,,1.95686,12.0301,,230.773
v1-frozen,blind_harmonic_sum,0.125,2.9,42.31,0.0,19.0,20000000000.0,,,,1.95686,12.0301,,230.773
v1-frozen,blind_harmonic_sum,0.125,0.1,35.0,0.5,19.0,20000000000.0,14.47,5.48977,0.432483,1.95686,12.0301,5.20283,230.773
v1-frozen,blind_harmonic_sum,0.125,0.2,36.51,0.5,19.0,20000000000.0,131.699,19.6979,0.0563458,1.95686,12.0301,0.677849,230.773
v1-frozen,blind_harmonic_sum,0.125,0.35,37.72,0.5,19.0,20000000000.0,1006.37,83.2561,0.00661501,1.95686,12.0301,0.0795796,230.773
v1-frozen,blind_harmonic_sum,0.125,0.5,38.49,0.5,19.0,20000000000.0,3848.38,222.37,2.26816e-05,1.95686,12.0301,0.000272863,230.773
v1-frozen,blind_harmonic_sum,0.125,0.7,39.23,0.5,19.0,20000000000.0,9229.92,300.744,0,1.95686,12.0301,0,230.773
v1-frozen,blind_harmonic_sum,0.125,0.85,39.65,0.5,19.0,20000000000.0,,,,1.95686,12.0301,,230.773
v1-frozen,blind_harmonic_sum,0.125,1.0,40.0,0.5,19.0,20000000000.0,,,,1.95686,12.0301,,230.773
v1-frozen,blind_harmonic_sum,0.125,2.0,41.51,0.5,19.0,20000000000.0,,,,1.95686,12.0301,,230.773
v1-frozen,blind_harmonic_sum,0.125,2.9,42.31,0.5,19.0,20000000000.0,,,,1.95686,12.0301,,230.773
v1-frozen,blind_harmonic_sum,0.125,0.1,35.0,1.0,19.0,20000000000.0,30.3664,8.51262,0.333162,1.95686,12.0301,4.00799,230.773
v1-frozen,blind_harmonic_sum,0.125,0.2,36.51,1.0,19.0,20000000000.0,306.373,35.8802,0.0238246,1.95686,12.0301,0.286613,230.773
v1-frozen,blind_harmonic_sum,0.125,0.35,37.72,1.0,19.0,20000000000.0,2400.41,157.327,0.000398427,1.95686,12.0301,0.00479313,230.773
v1-frozen,blind_harmonic_sum,0.125,0.5,38.49,1.0,19.0,20000000000.0,7399.43,300.744,0,1.95686,12.0301,0,230.773
v1-frozen,blind_harmonic_sum,0.125,0.7,39.23,1.0,19.0,20000000000.0,,,,1.95686,12.0301,,230.773
v1-frozen,blind_harmonic_sum,0.125,0.85,39.65,1.0,19.0,20000000000.0,,,,1.95686,12.0301,,230.773
v1-frozen,blind_harmonic_sum,0.125,1.0,40.0,1.0,19.0,20000000000.0,,,,1.95686,12.0301,,230.773
v1-frozen,blind_harmonic_sum,0.125,2.0,41.51,1.0,19.0,20000000000.0,,,,1.95686,12.0301,,230.773
v1-frozen,blind_harmonic_sum,0.125,2.9,42.31,1.0,19.0,20000000000.0,,,,1.95686,12.0301,,230.773
v1-frozen,blind_harmonic_sum,0.125,0.1,35.0,2.0,19.0,20000000000.0,129.561,19.4789,0.0579878,1.95686,12.0301,0.697602,230.773
v1-frozen,blind_harmonic_sum,0.125,0.2,36.51,2.0,19.0,20000000000.0,1611.4,113.855,0.00256026,1.95686,12.0301,0.0308003,230.773
v1-frozen,blind_harmonic_sum,0.125,0.35,37.72,2.0,19.0,20000000000.0,9145.3,300.744,0,1.95686,12.0301,0,230.773
v1-frozen,blind_harmonic_sum,0.125,0.5,38.49,2.0,19.0,20000000000.0,,,,1.95686,12.0301,,230.773
v1-frozen,blind_harmonic_sum,0.125,0.7,39.23,2.0,19.0,20000000000.0,,,,1.95686,12.0301,,230.773
v1-frozen,blind_harmonic_sum,0.125,0.85,39.65,2.0,19.0,20000000000.0,,,,1.95686,12.0301,,230.773
v1-frozen,blind_harmonic_sum,0.125,1.0,40.0,2.0,19.0,20000000000.0,,,,1.95686,12.0301,,230.773
v1-frozen,blind_harmonic_sum,0.125,2.0,41.51,2.0,19.0,20000000000.0,,,,1.95686,12.0301,,230.773
v1-frozen,blind_harmonic_sum,0.125,2.9,42.31,2.0,19.0,20000000000.0,,,,1.95686,12.0301,,230.773
v2-physical,global_max,none,0.1,35.0,0.0,19.0,20000000000.0,,,,1.95686,12.0301,,230.773
v2-physical,global_max,none,0.2,36.51,0.0,19.0,20000000000.0,,,,1.95686,12.0301,,230.773
v2-physical,global_max,none,0.35,37.72,0.0,19.0,20000000000.0,,,,1.95686,12.0301,,230.773
v2-physical,global_max,none,0.5,38.49,0.0,19.0,20000000000.0,,,,1.95686,12.0301,,230.773
v2-physical,global_max,none,0.7,39.23,0.0,19.0,20000000000.0,,,,1.95686,12.0301,,230.773
v2-physical,global_max,none,0.85,39.65,0.0,19.0,20000000000.0,,,,1.95686,12.0301,,230.773
v2-physical,global_max,none,1.0,40.0,0.0,19.0,20000000000.0,,,,1.95686,12.0301,,230.773
v2-physical,global_max,none,2.0,41.51,0.0,19.0,20000000000.0,,,,1.95686,12.0301,,230.773
v2-physical,global_max,none,2.9,42.31,0.0,19.0,20000000000.0,,,,1.95686,12.0301,,230.773
v2-physical,global_max,none,0.1,35.0,0.5,19.0,20000000000.0,,,,1.95686,12.0301,,230.773
v2-physical,global_max,none,0.2,36.51,0.5,19.0,20000000000.0,,,,1.95686,12.0301,,230.773
v2-physical,global_max,none,0.35,37.72,0.5,19.0,20000000000.0,,,,1.95686,12.0301,,230.773
v2-physical,global_max,none,0.5,38.49,0.5,19.0,20000000000.0,,,,1.95686,12.0301,,230.773
v2-physical,global_max,none,0.7,39.23,0.5,19.0,20000000000.0,,,,1.95686,12.0301,,230.773
v2-physical,global_max,none,0.85,39.65,0.5,19.0,20000000000.0,,,,1.95686,12.0301,,230.773
v2-physical,global_max,none,1.0,40.0,0.5,19.0,20000000000.0,,,,1.95686,12.0301,,230.773
v2-physical,global_max,none,2.0,41.51,0.5,19.0,20000000000.0,,,,1.95686,12.0301,,230.773
v2-physical,global_max,none,2.9,42.31,0.5,19.0,20000000000.0,,,,1.95686,12.0301,,230.773
v2-physical,global_max,none,0.1,35.0,1.0,19.0,20000000000.0,,,,1.95686,12.0301,,230.773
v2-physical,global_max,none,0.2,36.51,1.0,19.0,20000000000.0,,,,1.95686,12.0301,,230.773
v2-physical,global_max,none,0.35,37.72,1.0,19.0,20000000000.0,,,,1.95686,12.0301,,230.773
v2-physical,global_max,none,0.5,38.49,1.0,19.0,20000000000.0,,,,1.95686,12.0301,,230.773
v2-physical,global_max,none,0.7,39.23,1.0,19.0,20000000000.0,,,,1.95686,12.0301,,230.773
v2-physical,global_max,none,0.85,39.65,1.0,19.0,20000000000.0,,,,1.95686,12.0301,,230.773
v2-physical,global_max,none,1.0,40.0,1.0,19.0,20000000000.0,,,,1.95686,12.0301,,230.773
v2-physical,global_max,none,2.0,41.51,1.0,19.0,20000000000.0,,,,1.95686,12.0301,,230.773
v2-physical,global_max,none,2.9,42.31,1.0,19.0,20000000000.0,,,,1.95686,12.0301,,230.773
v2-physical,global_max,none,0.1,35.0,2.0,19.0,20000000000.0,,,,1.95686,12.0301,,230.773
v2-physical,global_max,none,0.2,36.51,2.0,19.0,20000000000.0,,,,1.95686,12.0301,,230.773
v2-physical,global_max,none,0.35,37.72,2.0,19.0,20000000000.0,,,,1.95686,12.0301,,230.773
v2-physical,global_max,none,0.5,38.49,2.0,19.0,20000000000.0,,,,1.95686,12.0301,,230.773
v2-physical,global_max,none,0.7,39.23,2.0,19.0,20000000000.0,,,,1.95686,12.0301,,230.773
v2-physical,global_max,none,0.85,39.65,2.0,19.0,20000000000.0,,,,1.95686,12.0301,,230.773
v2-physical,global_max,none,1.0,40.0,2.0,19.0,20000000000.0,,,,1.95686,12.0301,,230.773
v2-physical,global_max,none,2.0,41.51,2.0,19.0,20000000000.0,,,,1.95686,12.0301,,230.773
v2-physical,global_max,none,2.9,42.31,2.0,19.0,20000000000.0,,,,1.95686,12.0301,,230.773
v2-physical,blind_harmonic_sum,none,0.1,35.0,0.0,19.0,20000000000.0,,,,1.95686,12.0301,,230.773
v2-physical,blind_harmonic_sum,none,0.2,36.51,0.0,19.0,20000000000.0,,,,1.95686,12.0301,,230.773
v2-physical,blind_harmonic_sum,none,0.35,37.72,0.0,19.0,20000000000.0,,,,1.95686,12.0301,,230.773
v2-physical,blind_harmonic_sum,none,0.5,38.49,0.0,19.0,20000000000.0,,,,1.95686,12.0301,,230.773
v2-physical,blind_harmonic_sum,none,0.7,39.23,0.0,19.0,20000000000.0,,,,1.95686,12.0301,,230.773
v2-physical,blind_harmonic_sum,none,0.85,39.65,0.0,19.0,20000000000.0,,,,1.95686,12.0301,,230.773
v2-physical,blind_harmonic_sum,none,1.0,40.0,0.0,19.0,20000000000.0,,,,1.95686,12.0301,,230.773
v2-physical,blind_harmonic_sum,none,2.0,41.51,0.0,19.0,20000000000.0,,,,1.95686,12.0301,,230.773
v2-physical,blind_harmonic_sum,none,2.9,42.31,0.0,19.0,20000000000.0,,,,1.95686,12.0301,,230.773
v2-physical,blind_harmonic_sum,none,0.1,35.0,0.5,19.0,20000000000.0,,,,1.95686,12.0301,,230.773
v2-physical,blind_harmonic_sum,none,0.2,36.51,0.5,19.0,20000000000.0,,,,1.95686,12.0301,,230.773
v2-physical,blind_harmonic_sum,none,0.35,37.72,0.5,19.0,20000000000.0,,,,1.95686,12.0301,,230.773
v2-physical,blind_harmonic_sum,none,0.5,38.49,0.5,19.0,20000000000.0,,,,1.95686,12.0301,,230.773
v2-physical,blind_harmonic_sum,none,0.7,39.23,0.5,19.0,20000000000.0,,,,1.95686,12.0301,,230.773
v2-physical,blind_harmonic_sum,none,0.85,39.65,0.5,19.0,20000000000.0,,,,1.95686,12.0301,,230.773
v2-physical,blind_harmonic_sum,none,1.0,40.0,0.5,19.0,20000000000.0,,,,1.95686,12.0301,,230.773
v2-physical,blind_harmonic_sum,none,2.0,41.51,0.5,19.0,20000000000.0,,,,1.95686,12.0301,,230.773
v2-physical,blind_harmonic_sum,none,2.9,42.31,0.5,19.0,20000000000.0,,,,1.95686,12.0301,,230.773
v2-physical,blind_harmonic_sum,none,0.1,35.0,1.0,19.0,20000000000.0,,,,1.95686,12.0301,,230.773
v2-physical,blind_harmonic_sum,none,0.2,36.51,1.0,19.0,20000000000.0,,,,1.95686,12.0301,,230.773
v2-physical,blind_harmonic_sum,none,0.35,37.72,1.0,19.0,20000000000.0,,,,1.95686,12.0301,,230.773
v2-physical,blind_harmonic_sum,none,0.5,38.49,1.0,19.0,20000000000.0,,,,1.95686,12.0301,,230.773
v2-physical,blind_harmonic_sum,none,0.7,39.23,1.0,19.0,20000000000.0,,,,1.95686,12.0301,,230.773
v2-physical,blind_harmonic_sum,none,0.85,39.65,1.0,19.0,20000000000.0,,,,1.95686,12.0301,,230.773
v2-physical,blind_harmonic_sum,none,1.0,40.0,1.0,19.0,20000000000.0,,,,1.95686,12.0301,,230.773
v2-physical,blind_harmonic_sum,none,2.0,41.51,1.0,19.0,20000000000.0,,,,1.95686,12.0301,,230.773
v2-physical,blind_harmonic_sum,none,2.9,42.31,1.0,19.0,20000000000.0,,,,1.95686,12.0301,,230.773
v2-physical,blind_harmonic_sum,none,0.1,35.0,2.0,19.0,20000000000.0,,,,1.95686,12.0301,,230.773
v2-physical,blind_harmonic_sum,none,0.2,36.51,2.0,19.0,20000000000.0,,,,1.95686,12.0301,,230.773
v2-physical,blind_harmonic_sum,none,0.35,37.72,2.0,19.0,20000000000.0,,,,1.95686,12.0301,,230.773
v2-physical,blind_harmonic_sum,none,0.5,38.49,2.0,19.0,20000000000.0,,,,1.95686,12.0301,,230.773
v2-physical,blind_harmonic_sum,none,0.7,39.23,2.0,19.0,20000000000.0,,,,1.95686,12.0301,,230.773
v2-physical,blind_harmonic_sum,none,0.85,39.65,2.0,19.0,20000000000.0,,,,1.95686,12.0301,,230.773
v2-physical,blind_harmonic_sum,none,1.0,40.0,2.0,19.0,20000000000.0,,,,1.95686,12.0301,,230.773
v2-physical,blind_harmonic_sum,none,2.0,41.51,2.0,19.0,20000000000.0,,,,1.95686,12.0301,,230.773
v2-physical,blind_harmonic_sum,none,2.9,42.31,2.0,19.0,20000000000.0,,,,1.95686,12.0301,,230.773
v3-physical,global_max,0.201888,0.1,35.0,0.0,19.0,20000000000.0,3662.54,215.431,2.71227e-05,1.95686,12.0301,0.00032629,230.773
v3-physical,global_max,0.201888,0.2,36.51,0.0,19.0,20000000000.0,3662.54,215.431,2.71227e-05,1.95686,12.0301,0.00032629,230.773
v3-physical,global_max,0.201888,0.35,37.72,0.0,19.0,20000000000.0,3662.54,215.431,2.71227e-05,1.95686,12.0301,0.00032629,230.773
v3-physical,global_max,0.19011,0.5,38.49,0.0,19.0,20000000000.0,3784.26,220.012,2.43674e-05,1.95686,12.0301,0.000293143,230.773
v3-physical,global_max,0.113328,0.7,39.23,0.0,19.0,20000000000.0,4869.15,267.258,4.21829e-06,1.95686,12.0301,5.07467e-05,230.773
v3-physical,global_max,0.0966281,0.85,39.65,0.0,19.0,20000000000.0,6540.65,300.744,0,1.95686,12.0301,0,230.773
v3-physical,global_max,0.0966281,1.0,40.0,0.0,19.0,20000000000.0,9028.61,300.744,0,1.95686,12.0301,0,230.773
v3-physical,global_max,radius-dependent,2.0,41.51,0.0,19.0,20000000000.0,,,,1.95686,12.0301,,230.773
v3-physical,global_max,radius-dependent,2.9,42.31,0.0,19.0,20000000000.0,,,,1.95686,12.0301,,230.773
v3-physical,global_max,0.201888,0.1,35.0,0.5,19.0,20000000000.0,3662.54,215.431,2.71227e-05,1.95686,12.0301,0.00032629,230.773
v3-physical,global_max,0.201888,0.2,36.51,0.5,19.0,20000000000.0,3662.54,215.431,2.71227e-05,1.95686,12.0301,0.00032629,230.773
v3-physical,global_max,0.201888,0.35,37.72,0.5,19.0,20000000000.0,3662.54,215.431,2.71227e-05,1.95686,12.0301,0.00032629,230.773
v3-physical,global_max,0.133305,0.5,38.49,0.5,19.0,20000000000.0,4428.73,249.114,1.02827e-05,1.95686,12.0301,0.000123703,230.773
v3-physical,global_max,0.0966281,0.7,39.23,0.5,19.0,20000000000.0,7040.78,300.744,0,1.95686,12.0301,0,230.773
v3-physical,global_max,radius-dependent,0.85,39.65,0.5,19.0,20000000000.0,,,,1.95686,12.0301,,230.773
v3-physical,global_max,radius-dependent,1.0,40.0,0.5,19.0,20000000000.0,,,,1.95686,12.0301,,230.773
v3-physical,global_max,radius-dependent,2.0,41.51,0.5,19.0,20000000000.0,,,,1.95686,12.0301,,230.773
v3-physical,global_max,radius-dependent,2.9,42.31,0.5,19.0,20000000000.0,,,,1.95686,12.0301,,230.773
v3-physical,global_max,0.201888,0.1,35.0,1.0,19.0,20000000000.0,3662.54,215.431,2.71227e-05,1.95686,12.0301,0.00032629,230.773
v3-physical,global_max,0.201888,0.2,36.51,1.0,19.0,20000000000.0,3662.54,215.431,2.71227e-05,1.95686,12.0301,0.00032629,230.773
v3-physical,global_max,0.161176,0.35,37.72,1.0,19.0,20000000000.0,4061.33,233.099,1.75995e-05,1.95686,12.0301,0.000211725,230.773
v3-physical,global_max,0.100466,0.5,38.49,1.0,19.0,20000000000.0,5771.75,292.193,6.43908e-07,1.95686,12.0301,7.74631e-06,230.773
v3-physical,global_max,radius-dependent,0.7,39.23,1.0,19.0,20000000000.0,,,,1.95686,12.0301,,230.773
v3-physical,global_max,radius-dependent,0.85,39.65,1.0,19.0,20000000000.0,,,,1.95686,12.0301,,230.773
v3-physical,global_max,radius-dependent,1.0,40.0,1.0,19.0,20000000000.0,,,,1.95686,12.0301,,230.773
v3-physical,global_max,radius-dependent,2.0,41.51,1.0,19.0,20000000000.0,,,,1.95686,12.0301,,230.773
v3-physical,global_max,radius-dependent,2.9,42.31,1.0,19.0,20000000000.0,,,,1.95686,12.0301,,230.773
v3-physical,global_max,0.201888,0.1,35.0,2.0,19.0,20000000000.0,3662.54,215.431,2.71227e-05,1.95686,12.0301,0.00032629,230.773
v3-physical,global_max,0.186054,0.2,36.51,2.0,19.0,20000000000.0,3792.73,221.678,2.43674e-05,1.95686,12.0301,0.000293143,230.773
v3-physical,global_max,0.0966281,0.35,37.72,2.0,19.0,20000000000.0,6976.23,300.744,0,1.95686,12.0301,0,230.773
v3-physical,global_max,radius-dependent,0.5,38.49,2.0,19.0,20000000000.0,,,,1.95686,12.0301,,230.773
v3-physical,global_max,radius-dependent,0.7,39.23,2.0,19.0,20000000000.0,,,,1.95686,12.0301,,230.773
v3-physical,global_max,radius-dependent,0.85,39.65,2.0,19.0,20000000000.0,,,,1.95686,12.0301,,230.773
v3-physical,global_max,radius-dependent,1.0,40.0,2.0,19.0,20000000000.0,,,,1.95686,12.0301,,230.773
v3-physical,global_max,radius-dependent,2.0,41.51,2.0,19.0,20000000000.0,,,,1.95686,12.0301,,230.773
v3-physical,global_max,radius-dependent,2.9,42.31,2.0,19.0,20000000000.0,,,,1.95686,12.0301,,230.773
v3-physical,blind_harmonic_sum,0.307147,0.1,35.0,0.0,19.0,20000000000.0,3662.54,215.431,2.71227e-05,1.95686,12.0301,0.00032629,230.773
v3-physical,blind_harmonic_sum,0.307147,0.2,36.51,0.0,19.0,20000000000.0,3662.54,215.431,2.71227e-05,1.95686,12.0301,0.00032629,230.773
v3-physical,blind_harmonic_sum,0.307147,0.35,37.72,0.0,19.0,20000000000.0,3662.54,215.431,2.71227e-05,1.95686,12.0301,0.00032629,230.773
v3-physical,blind_harmonic_sum,0.231345,0.5,38.49,0.0,19.0,20000000000.0,5591.15,289.171,9.00564e-07,1.95686,12.0301,1.08339e-05,230.773
v3-physical,blind_harmonic_sum,radius-dependent,0.7,39.23,0.0,19.0,20000000000.0,,,,1.95686,12.0301,,230.773
v3-physical,blind_harmonic_sum,radius-dependent,0.85,39.65,0.0,19.0,20000000000.0,,,,1.95686,12.0301,,230.773
v3-physical,blind_harmonic_sum,radius-dependent,1.0,40.0,0.0,19.0,20000000000.0,,,,1.95686,12.0301,,230.773
v3-physical,blind_harmonic_sum,radius-dependent,2.0,41.51,0.0,19.0,20000000000.0,,,,1.95686,12.0301,,230.773
v3-physical,blind_harmonic_sum,radius-dependent,2.9,42.31,0.0,19.0,20000000000.0,,,,1.95686,12.0301,,230.773
v3-physical,blind_harmonic_sum,0.307147,0.1,35.0,0.5,19.0,20000000000.0,3662.54,215.431,2.71227e-05,1.95686,12.0301,0.00032629,230.773
v3-physical,blind_harmonic_sum,0.307147,0.2,36.51,0.5,19.0,20000000000.0,3662.54,215.431,2.71227e-05,1.95686,12.0301,0.00032629,230.773
v3-physical,blind_harmonic_sum,0.262838,0.35,37.72,0.5,19.0,20000000000.0,4752.65,264.742,6.26438e-06,1.95686,12.0301,7.53614e-05,230.773
v3-physical,blind_harmonic_sum,0.218584,0.5,38.49,0.5,19.0,20000000000.0,8533.3,300.744,0,1.95686,12.0301,0,230.773
v3-physical,blind_harmonic_sum,radius-dependent,0.7,39.23,0.5,19.0,20000000000.0,,,,1.95686,12.0301,,230.773
v3-physical,blind_harmonic_sum,radius-dependent,0.85,39.65,0.5,19.0,20000000000.0,,,,1.95686,12.0301,,230.773
v3-physical,blind_harmonic_sum,radius-dependent,1.0,40.0,0.5,19.0,20000000000.0,,,,1.95686,12.0301,,230.773
v3-physical,blind_harmonic_sum,radius-dependent,2.0,41.51,0.5,19.0,20000000000.0,,,,1.95686,12.0301,,230.773
v3-physical,blind_harmonic_sum,radius-dependent,2.9,42.31,0.5,19.0,20000000000.0,,,,1.95686,12.0301,,230.773
v3-physical,blind_harmonic_sum,0.307147,0.1,35.0,1.0,19.0,20000000000.0,3662.54,215.431,2.71227e-05,1.95686,12.0301,0.00032629,230.773
v3-physical,blind_harmonic_sum,0.307147,0.2,36.51,1.0,19.0,20000000000.0,3662.54,215.431,2.71227e-05,1.95686,12.0301,0.00032629,230.773
v3-physical,blind_harmonic_sum,0.218584,0.35,37.72,1.0,19.0,20000000000.0,6654.52,300.744,0,1.95686,12.0301,0,230.773
v3-physical,blind_harmonic_sum,radius-dependent,0.5,38.49,1.0,19.0,20000000000.0,,,,1.95686,12.0301,,230.773
v3-physical,blind_harmonic_sum,radius-dependent,0.7,39.23,1.0,19.0,20000000000.0,,,,1.95686,12.0301,,230.773
v3-physical,blind_harmonic_sum,radius-dependent,0.85,39.65,1.0,19.0,20000000000.0,,,,1.95686,12.0301,,230.773
v3-physical,blind_harmonic_sum,radius-dependent,1.0,40.0,1.0,19.0,20000000000.0,,,,1.95686,12.0301,,230.773
v3-physical,blind_harmonic_sum,radius-dependent,2.0,41.51,1.0,19.0,20000000000.0,,,,1.95686,12.0301,,230.773
v3-physical,blind_harmonic_sum,radius-dependent,2.9,42.31,1.0,19.0,20000000000.0,,,,1.95686,12.0301,,230.773
v3-physical,blind_harmonic_sum,0.307147,0.1,35.0,2.0,19.0,20000000000.0,3662.54,215.431,2.71227e-05,1.95686,12.0301,0.00032629,230.773
v3-physical,blind_harmonic_sum,0.233227,0.2,36.51,2.0,19.0,20000000000.0,5725.26,287.556,6.43908e-07,1.95686,12.0301,7.74631e-06,230.773
v3-physical,blind_harmonic_sum,radius-dependent,0.35,37.72,2.0,19.0,20000000000.0,,,,1.95686,12.0301,,230.773
v3-physical,blind_harmonic_sum,radius-dependent,0.5,38.49,2.0,19.0,20000000000.0,,,,1.95686,12.0301,,230.773
v3-physical,blind_harmonic_sum,radius-dependent,0.7,39.23,2.0,19.0,20000000000.0,,,,1.95686,12.0301,,230.773
v3-physical,blind_harmonic_sum,radius-dependent,0.85,39.65,2.0,19.0,20000000000.0,,,,1.95686,12.0301,,230.773
v3-physical,blind_harmonic_sum,radius-dependent,1.0,40.0,2.0,19.0,20000000000.0,,,,1.95686,12.0301,,230.773
v3-physical,blind_harmonic_sum,radius-dependent,2.0,41.51,2.0,19.0,20000000000.0,,,,1.95686,12.0301,,230.773
v3-physical,blind_harmonic_sum,radius-dependent,2.9,42.31,2.0,19.0,20000000000.0,,,,1.95686,12.0301,,230.773
